Color,FIPS,County,State,total,perCapita,Percent in poverty,Average income,"%Live births with low birthweight (< 2,500 grams)",Percent aged 65 or older,Medicare Spending pc,Average income
#D81B60,13301,Warren County,Georgia,50.5,13.0,26.8,20.3,14.2,21.6,"10,909","53,077"
#FBC02D,37079,Greene County,North Carolina,46.0,16.6,22.9,17.3,10.9,15.8,"9,987","53,007"
#FBC02D,37107,Lenoir County,North Carolina,44.7,12.5,23.2,20.3,10.9,19.5,"10,254","56,708"
#D81B60,13189,McDuffie County,Georgia,43.1,12.1,24.0,19.7,11.7,17.3,"10,801","55,341"
#FBC02D,37007,Anson County,North Carolina,41.6,11.1,19.5,19.5,13.2,17.9,"10,648","52,077"
#455A64,48353,Nolan County,Texas,40.9,19.0,16.1,24.5,7.8,17.6,"11,616","64,120"
#455A64,48371,Pecos County,Texas,40.8,18.1,15.1,16.4,9.3,12.7,"10,381","68,797"
#D81B60,13027,Brooks County,Georgia,40.7,18.1,22.7,23.7,10.7,18.9,"11,939","60,621"
#455A64,48207,Haskell County,Texas,40.6,20.8,20.4,17.2,8.3,22.0,"11,090","49,230"
#E64A19,40057,Harmon County,Oklahoma,40.3,15.2,14.7,22.8,11.0,18.7,"11,457","65,261"
#FBC02D,37065,Edgecombe County,North Carolina,40.0,10.3,23.7,20.7,12.5,19.0,"10,538","50,394"
#E64A19,45087,Union County,South Carolina,39.9,10.5,21.6,17.7,12.6,19.6,"11,487","54,837"
#FBC02D,37045,Cleveland County,North Carolina,39.9,12.2,20.4,18.9,10.5,18.2,"10,155","56,939"
#D81B60,13245,Richmond County,Georgia,39.7,13.0,23.0,14.0,11.6,13.6,"9,901","58,176"
#455A64,48249,Jim Wells County,Texas,39.7,18.3,23.2,29.5,10.1,14.9,"15,603","62,079"
#FBC02D,37015,Bertie County,North Carolina,39.5,11.9,23.2,17.0,12.3,21.9,"10,289","55,018"
#FBC02D,37177,Tyrrell County,North Carolina,39.3,13.3,22.5,15.9,6.5,20.0,"10,117","47,736"
#455A64,51001,Accomack County,Virginia,39.1,16.6,19.0,14.9,10.0,22.7,"9,066","63,100"
#FBC02D,37061,Duplin County,North Carolina,39.0,17.1,21.2,20.3,8.7,17.9,"10,526","52,929"
#E64A19,45069,Marlboro County,South Carolina,38.7,11.9,26.4,16.2,11.6,17.4,"9,712","45,340"
#D81B60,13315,Wilcox County,Georgia,38.6,17.0,24.2,21.6,12.6,16.6,"11,054","53,060"
#E64A19,45021,Cherokee County,South Carolina,38.6,10.5,19.4,17.0,11.4,16.3,"10,347","51,138"
#FBC02D,37091,Hertford County,North Carolina,38.6,11.4,21.9,18.0,11.2,19.4,"10,127","50,420"
#D81B60,13017,Ben Hill County,Georgia,38.2,17.8,29.6,18.0,14.0,16.7,"10,556","43,566"
#455A64,48177,Gonzales County,Texas,38.2,18.6,14.1,18.6,8.7,16.4,"10,561","76,060"
#455A64,48375,Potter County,Texas,38.2,22.1,20.4,20.1,9.7,12.2,"11,910","60,595"
#D81B60,13007,Baker County,Georgia,38.2,11.6,22.9,19.2,11.1,23.7,"10,471","47,336"
#D81B60,13093,Dooly County,Georgia,38.2,16.7,24.1,21.4,13.5,19.2,"10,741","57,325"
#455A64,48247,Jim Hogg County,Texas,38.1,21.5,30.6,33.5,8.5,14.2,"18,274","48,856"
#388E3C,29155,Pemiscot County,Missouri,38.0,12.9,27.4,24.5,11.6,16.5,"10,742","50,700"
#455A64,48135,Ector County,Texas,37.9,21.0,11.9,19.5,9.0,9.5,"10,684","83,484"
#FBC02D,05111,Poinsett County,Arkansas,37.8,11.3,21.4,19.0,9.6,17.8,"11,425","51,257"
#D81B60,13205,Mitchell County,Georgia,37.8,17.2,23.1,21.7,11.1,16.1,"11,082","51,694"
#455A64,48365,Panola County,Texas,37.7,17.1,14.7,17.1,8.7,18.7,"11,494","68,305"
#455A64,51620,Franklin city,Virginia,37.7,6.7,14.7,20.6,12.3,19.3,"11,260","53,105"
#455A64,54005,Boone County,West Virginia,37.6,5.7,23.1,24.3,11.7,19.1,"10,892","52,513"
#FBC02D,05093,Mississippi County,Arkansas,37.6,7.4,24.3,19.8,11.2,14.5,"11,296","56,558"
#D81B60,13141,Hancock County,Georgia,37.6,10.9,22.2,19.2,16.8,22.4,"10,819","48,174"
#D81B60,13165,Jenkins County,Georgia,37.5,16.9,30.5,16.2,12.5,17.8,"10,136","39,307"
#455A64,48255,Karnes County,Texas,37.4,14.4,17.7,22.6,8.3,14.0,"13,372","89,471"
#455A64,48343,Morris County,Texas,37.4,15.8,17.8,21.4,10.2,21.5,"11,589","55,192"
#E64A19,40055,Greer County,Oklahoma,37.3,17.0,20.2,24.3,8.5,17.5,"12,019","51,609"
#455A64,48253,Jones County,Texas,37.0,15.5,14.0,20.1,7.2,15.2,"11,456","67,098"
#D81B60,13173,Lanier County,Georgia,36.9,14.6,23.1,21.4,9.0,13.8,"12,147","50,196"
#E64A19,45033,Dillon County,South Carolina,36.8,14.5,32.6,19.7,11.8,15.9,"10,203","45,654"
#1976D2,21043,Carter County,Kentucky,36.8,8.0,25.3,23.0,8.5,18.3,"9,806","49,489"
#455A64,51159,Richmond County,Virginia,36.7,6.9,17.3,15.7,10.4,21.2,"9,626","62,594"
#E64A19,45011,Barnwell County,South Carolina,36.7,11.7,28.1,16.9,11.6,17.7,"10,094","48,824"
#E64A19,45059,Laurens County,South Carolina,36.6,11.7,20.3,17.1,10.6,17.9,"9,534","58,059"
#455A64,48025,Bee County,Texas,36.5,19.2,20.6,24.8,9.6,12.0,"14,051","63,623"
#E64A19,45037,Edgefield County,South Carolina,36.3,8.9,16.2,14.7,9.3,18.4,"9,890","70,129"
#D81B60,13181,Lincoln County,Georgia,36.2,12.4,20.6,14.5,9.2,23.2,"9,647","60,154"
#455A64,48003,Andrews County,Texas,36.1,19.8,9.2,19.1,7.0,10.0,"10,160","92,927"
#E64A19,45061,Lee County,South Carolina,36.0,11.1,25.0,18.6,13.9,18.1,"10,175","48,957"
#455A64,48233,Hutchinson County,Texas,35.9,19.1,14.6,19.0,8.9,16.3,"11,831","66,016"
#D81B60,12051,Hendry County,Florida,35.8,25.6,25.3,21.9,7.8,13.1,"10,980","56,396"
#FBC02D,37147,Pitt County,North Carolina,35.7,10.1,22.9,17.6,10.5,12.8,"10,337","67,261"
#455A64,48219,Hockley County,Texas,35.7,17.6,16.5,19.3,9.6,14.3,"11,464","64,011"
#455A64,48047,Brooks County,Texas,35.7,22.5,41.4,33.4,9.0,14.6,"15,645","41,308"
#D81B60,13019,Berrien County,Georgia,35.7,22.7,24.2,22.3,12.1,17.6,"11,041","49,598"
#455A64,48131,Duval County,Texas,35.6,22.0,22.8,30.9,8.2,17.6,"17,156","49,597"
#455A64,51740,Portsmouth city,Virginia,35.6,10.0,16.8,21.0,11.8,14.5,"10,440","63,882"
#455A64,48351,Newton County,Texas,35.3,20.0,24.4,28.8,9.6,20.1,"12,471","54,004"
#D81B60,13287,Turner County,Georgia,35.3,12.9,33.6,21.4,13.7,19.5,"11,008","50,365"
#455A64,48251,Johnson County,Texas,35.3,15.9,10.2,22.6,6.9,13.8,"11,885","81,183"
#388E3C,22065,Madison Parish,Louisiana,35.2,11.0,36.4,18.9,16.1,13.9,"15,049","46,317"
#455A64,48279,Lamb County,Texas,35.2,23.0,19.0,15.9,8.0,16.5,"10,473","59,521"
#455A64,48419,Shelby County,Texas,35.1,21.7,22.6,20.3,8.0,17.4,"11,342","57,887"
#FBC02D,39087,Lawrence County,Ohio,35.1,5.6,18.1,24.0,8.8,18.4,"10,988","59,958"
#E64A19,45067,Marion County,South Carolina,35.0,12.8,22.7,18.7,12.8,19.0,"10,575","49,353"
#455A64,48457,Tyler County,Texas,34.9,16.9,16.5,23.7,8.5,21.6,"11,458","56,879"
#455A64,48073,Cherokee County,Texas,34.9,19.0,16.4,19.2,7.6,17.0,"11,456","62,730"
#FBC02D,05017,Chicot County,Arkansas,34.8,9.3,28.9,19.6,11.5,20.0,"11,920","50,528"
#455A64,51580,Covington city,Virginia,34.8,9.9,13.2,21.5,13.7,20.2,"10,002","57,657"
#455A64,48237,Jack County,Texas,34.7,18.0,16.3,20.4,7.6,17.1,"11,308","67,103"
#455A64,48445,Terry County,Texas,34.6,23.1,19.2,24.2,9.5,15.1,"11,839","62,202"
#E64A19,40023,Choctaw County,Oklahoma,34.5,22.1,27.7,26.5,9.5,20.3,"12,660","50,312"
#E64A19,45023,Chester County,South Carolina,34.5,10.7,19.6,16.8,11.7,18.2,"9,577","54,235"
#E64A19,40013,Bryan County,Oklahoma,34.4,17.9,17.1,27.4,7.9,17.7,"13,314","61,932"
#1976D2,21019,Boyd County,Kentucky,34.4,6.0,18.9,24.0,10.3,18.9,"10,778","65,925"
#455A64,48273,Kleberg County,Texas,34.3,15.5,27.2,28.2,8.1,13.0,"13,805","59,512"
#455A64,51097,King and Queen County,Virginia,34.3,6.5,12.4,18.0,10.5,23.1,"10,147","76,261"
#FBC02D,37047,Columbus County,North Carolina,34.2,12.6,22.8,23.8,11.4,19.5,"10,429","55,616"
#455A64,51057,Essex County,Virginia,34.2,8.6,16.8,17.3,13.9,22.2,"9,743","62,500"
#455A64,48349,Navarro County,Texas,34.1,18.4,17.0,21.2,8.6,16.8,"11,387","65,225"
#455A64,48145,Falls County,Texas,34.1,17.2,26.5,19.5,10.2,17.9,"10,713","50,705"
#FBC02D,37013,Beaufort County,North Carolina,34.1,12.0,18.6,15.6,10.3,23.3,"8,963","64,182"
#388E3C,28143,Tunica County,Mississippi,34.0,15.1,24.0,17.3,14.1,11.8,"12,779","52,941"
#455A64,48495,Winkler County,Texas,34.0,20.7,15.0,19.3,8.8,11.5,"10,641","71,503"
#D81B60,13003,Atkinson County,Georgia,34.0,22.6,30.3,23.5,7.3,13.6,"10,584","54,979"
#455A64,54059,Mingo County,West Virginia,34.0,4.5,28.7,24.5,12.1,18.1,"9,525","47,066"
#455A64,48001,Anderson County,Texas,33.9,14.5,14.9,19.9,7.5,14.3,"11,522","56,912"
#455A64,48055,Caldwell County,Texas,33.9,23.4,18.9,21.3,8.6,13.7,"12,416","73,546"
#D81B60,13075,Cook County,Georgia,33.9,18.0,24.0,18.8,11.1,15.9,"11,220","52,709"
#D81B60,13303,Washington County,Georgia,33.9,11.3,22.3,19.9,9.8,17.7,"9,920","52,936"
#455A64,48461,Upton County,Texas,33.9,11.2,14.1,15.8,8.4,16.7,"15,552","65,771"
#455A64,48389,Reeves County,Texas,33.8,20.4,15.0,17.0,8.4,12.7,"10,698","65,457"
#D81B60,13143,Haralson County,Georgia,33.8,12.3,14.9,20.5,9.0,15.8,"10,191","63,993"
#D81B60,13055,Chattooga County,Georgia,33.6,14.2,19.4,23.0,8.2,17.3,"10,581","48,964"
#E64A19,45025,Chesterfield County,South Carolina,33.6,11.2,20.7,17.3,10.9,17.9,"9,391","53,340"
#FBC02D,37191,Wayne County,North Carolina,33.6,12.6,20.2,20.1,9.1,16.0,"9,976","62,307"
#FBC02D,37165,Scotland County,North Carolina,33.5,11.5,27.3,20.2,13.8,17.4,"9,967","48,707"
#455A64,48213,Henderson County,Texas,33.5,17.9,17.1,20.6,7.6,22.0,"11,447","66,653"
#D81B60,13251,Screven County,Georgia,33.5,13.5,22.5,18.3,11.4,18.3,"11,224","56,501"
#FBC02D,37117,Martin County,North Carolina,33.5,10.0,19.7,19.7,12.1,22.3,"10,857","55,603"
#FBC02D,37187,Washington County,North Carolina,33.4,12.0,22.3,14.8,12.1,23.6,"9,750","48,062"
#D81B60,13295,Walker County,Georgia,33.4,12.3,16.1,21.0,10.0,18.3,"11,084","61,409"
#455A64,51173,Smyth County,Virginia,33.3,9.8,18.9,19.3,8.9,21.3,"10,197","50,876"
#455A64,48231,Hunt County,Texas,33.3,16.3,16.1,22.1,8.4,15.8,"12,182","70,122"
#455A64,51710,Norfolk city,Virginia,33.3,11.9,18.7,20.2,10.7,10.9,"10,475","72,315"
#1976D2,21115,Johnson County,Kentucky,33.3,4.4,22.7,29.0,9.9,17.7,"11,070","55,898"
#E64A19,45009,Bamberg County,South Carolina,33.2,13.5,23.4,17.5,11.7,21.0,"11,204","47,242"
#455A64,48313,Madison County,Texas,33.2,15.4,12.0,23.5,7.4,15.2,"13,141","69,955"
#455A64,51700,Newport News city,Virginia,33.1,11.2,15.3,17.7,9.9,12.7,"10,208","68,792"
#388E3C,29143,New Madrid County,Missouri,33.1,15.1,22.2,21.4,10.9,18.5,"10,259","50,499"
#D81B60,13049,Charlton County,Georgia,33.1,20.0,25.2,22.8,8.8,14.9,"11,785","52,464"
#388E3C,29069,Dunklin County,Missouri,33.1,15.6,25.7,23.4,11.9,17.8,"10,939","52,761"
#455A64,48217,Hill County,Texas,33.1,15.4,12.7,17.9,7.9,20.5,"10,789","69,572"
#388E3C,04011,Greenlee County,Arizona,33.1,4.6,13.3,12.0,7.3,12.4,"7,895","74,470"
#D81B60,13083,Dade County,Georgia,33.1,12.3,13.7,18.7,9.3,18.9,"9,455","61,540"
#455A64,48401,Rusk County,Texas,33.1,18.4,11.8,18.6,7.5,16.4,"12,304","72,751"
#E64A19,40149,Washita County,Oklahoma,33.0,12.2,14.6,19.9,6.6,17.6,"11,564","65,675"
#455A64,48189,Hale County,Texas,33.0,20.3,16.0,21.9,9.0,13.3,"11,577","60,390"
#455A64,54073,Pleasants County,West Virginia,32.8,5.1,12.3,20.9,7.0,18.6,"12,123","78,502"
#455A64,48347,Nacogdoches County,Texas,32.8,17.5,24.8,19.4,7.9,14.2,"11,854","63,497"
#455A64,51131,Northampton County,Virginia,32.8,10.9,18.0,13.5,9.5,26.0,"9,219","64,936"
#388E3C,28027,Coahoma County,Mississippi,32.8,13.0,34.8,19.3,17.7,14.6,"11,524","48,300"
#D81B60,13265,Taliaferro County,Georgia,32.7,11.1,21.1,16.1,11.8,25.2,"7,853","49,292"
#D81B60,13065,Clinch County,Georgia,32.7,19.4,40.2,20.1,12.4,15.5,"11,969","39,016"
#455A64,48387,Red River County,Texas,32.6,14.4,19.7,27.7,9.0,24.4,"12,269","52,213"
#388E3C,22019,Calcasieu Parish,Louisiana,32.6,9.2,17.3,19.1,10.1,14.6,"11,274","72,183"
#455A64,48057,Calhoun County,Texas,32.6,19.1,13.7,20.0,6.9,17.4,"12,193","72,536"
#455A64,48143,Erath County,Texas,32.6,16.8,18.4,14.0,6.8,14.0,"9,971","74,589"
#455A64,51025,Brunswick County,Virginia,32.6,7.9,20.4,20.0,11.2,20.9,"9,347","54,587"
#1976D2,21181,Nicholas County,Kentucky,32.5,9.0,28.0,18.9,9.6,16.9,"9,837","55,681"
#455A64,48181,Grayson County,Texas,32.3,17.4,13.1,23.6,7.8,17.5,"13,193","72,105"
#D81B60,13317,Wilkes County,Georgia,32.3,14.7,23.7,17.1,9.9,22.9,"11,526","58,715"
#388E3C,22091,St. Helena Parish,Louisiana,32.3,12.7,18.4,23.5,11.3,18.9,"14,203","61,237"
#D81B60,12123,Taylor County,Florida,32.3,9.6,21.2,18.0,9.9,19.7,"9,403","50,152"
#D81B60,13263,Talbot County,Georgia,32.3,15.0,18.9,19.2,11.8,23.5,"10,293","49,085"
#FBC02D,05021,Clay County,Arkansas,32.2,6.5,21.1,18.2,7.5,21.1,"11,156","50,617"
#388E3C,28107,Panola County,Mississippi,32.2,13.0,20.3,18.9,11.9,15.4,"11,693","53,225"
#455A64,51720,Norton city,Virginia,32.2,11.0,28.2,24.3,9.1,16.4,"9,374","48,266"
#455A64,54043,Lincoln County,West Virginia,32.1,6.1,22.8,24.5,11.2,18.7,"9,337","54,060"
#D81B60,12043,Glades County,Florida,32.0,24.1,17.4,25.9,8.9,26.9,"10,784","55,963"
#D81B60,13023,Bleckley County,Georgia,32.0,9.5,18.0,20.1,8.1,17.7,"11,179","56,095"
#455A64,48363,Palo Pinto County,Texas,32.0,19.5,18.1,21.9,7.6,19.4,"12,407","66,155"
#D81B60,13199,Meriwether County,Georgia,31.9,13.8,22.9,18.4,12.1,19.9,"10,665","51,952"
#E64A19,45071,Newberry County,South Carolina,31.9,8.7,17.6,16.3,11.8,19.2,"9,254","61,507"
#E64A19,40141,Tillman County,Oklahoma,31.8,15.3,19.8,21.3,8.1,19.6,"10,192","56,552"
#455A64,48197,Hardeman County,Texas,31.8,13.9,13.9,15.0,5.2,21.4,"10,876","55,938"
#E64A19,47095,Lake County,Tennessee,31.8,11.3,28.6,29.0,10.2,15.5,"14,327","55,768"
#455A64,48161,Freestone County,Texas,31.8,14.1,18.1,19.6,7.9,19.6,"11,637","69,203"
#E64A19,45003,Aiken County,South Carolina,31.8,10.2,14.9,15.2,9.5,18.7,"9,466","68,799"
#FBC02D,37083,Halifax County,North Carolina,31.7,12.4,25.8,20.0,12.4,20.1,"10,117","51,994"
#D81B60,13155,Irwin County,Georgia,31.6,18.4,23.9,16.8,12.8,18.7,"9,557","51,912"
#D81B60,13269,Taylor County,Georgia,31.5,17.5,25.8,22.4,9.6,19.5,"11,927","49,357"
#455A64,51690,Martinsville city,Virginia,31.5,11.2,23.9,19.9,12.3,18.7,"11,534","53,176"
#455A64,48315,Marion County,Texas,31.5,11.6,19.2,19.8,9.5,25.9,"12,034","58,450"
#D81B60,13233,Polk County,Georgia,31.5,15.7,18.4,25.3,9.0,15.4,"12,037","64,011"
#388E3C,22083,Richland Parish,Louisiana,31.4,13.2,30.5,21.6,14.2,17.2,"14,134","51,463"
#E64A19,47029,Cocke County,Tennessee,31.4,11.2,23.5,21.1,9.2,20.9,"9,082","49,875"
#E64A19,45029,Colleton County,South Carolina,31.3,11.5,21.8,17.2,11.4,19.8,"10,133","51,644"
#D81B60,13081,Crisp County,Georgia,31.3,15.7,31.9,20.6,13.3,18.2,"11,488","56,889"
#E64A19,47173,Union County,Tennessee,31.3,11.0,22.0,17.1,9.2,18.1,"8,869","61,863"
#455A64,48293,Limestone County,Texas,31.3,19.0,19.4,21.9,10.0,18.7,"11,538","59,351"
#FBC02D,37155,Robeson County,North Carolina,31.2,14.1,27.7,23.0,11.9,14.7,"10,951","49,701"
#455A64,51590,Danville city,Virginia,31.2,9.7,22.4,20.5,12.8,20.3,"10,632","51,599"
#D81B60,13131,Grady County,Georgia,31.2,18.7,22.4,18.7,9.3,17.7,"10,552","58,661"
#455A64,48429,Stephens County,Texas,31.1,19.2,20.6,22.8,9.0,19.5,"12,613","64,763"
#FBC02D,37073,Gates County,North Carolina,31.1,6.6,13.5,18.6,10.2,19.8,"9,881","63,905"
#E64A19,40025,Cimarron County,Oklahoma,31.1,14.8,16.8,12.6,5.6,24.3,"9,475","64,782"
#D81B60,13163,Jefferson County,Georgia,31.1,14.8,24.6,16.6,10.6,18.0,"11,301","47,500"
#455A64,48203,Harrison County,Texas,31.1,14.9,17.4,20.1,8.1,16.5,"11,344","73,308"
#455A64,54011,Cabell County,West Virginia,31.0,7.7,22.3,24.1,10.9,18.2,"10,251","58,832"
#455A64,48227,Howard County,Texas,31.0,17.0,17.3,25.0,9.5,12.9,"10,728","73,064"
#E64A19,40075,Kiowa County,Oklahoma,31.0,14.0,24.0,20.6,7.6,19.5,"11,080","52,399"
#FBC02D,05055,Greene County,Arkansas,30.9,7.7,16.4,18.4,8.1,15.7,"10,418","60,189"
#E64A19,45005,Allendale County,South Carolina,30.9,9.0,25.0,15.4,13.3,19.7,"10,921","43,514"
#455A64,48005,Angelina County,Texas,30.9,18.8,17.7,23.6,8.9,15.9,"11,670","63,164"
#388E3C,28117,Prentiss County,Mississippi,30.9,12.0,21.9,25.2,11.5,17.6,"11,414","50,723"
#E64A19,40111,Okmulgee County,Oklahoma,30.8,16.6,19.5,19.5,8.2,18.2,"10,908","59,397"
#FBC02D,05081,Little River County,Arkansas,30.8,6.2,16.1,20.3,8.4,20.6,"11,019","59,109"
#388E3C,28017,Chickasaw County,Mississippi,30.8,12.2,20.6,20.4,13.1,16.8,"9,811","50,238"
#D81B60,13091,Dodge County,Georgia,30.7,10.5,21.8,21.7,9.7,17.5,"11,694","53,758"
#455A64,48441,Taylor County,Texas,30.7,14.0,15.1,22.0,8.9,14.2,"12,264","71,506"
#E64A19,47007,Bledsoe County,Tennessee,30.7,12.2,23.2,19.3,7.7,17.9,"10,476","59,740"
#D81B60,13267,Tattnall County,Georgia,30.7,14.0,23.2,19.2,10.2,13.9,"10,782","57,852"
#388E3C,22003,Allen Parish,Louisiana,30.7,8.5,14.5,22.5,9.3,14.7,"11,599","61,465"
#E64A19,45031,Darlington County,South Carolina,30.6,10.3,20.0,21.2,12.2,18.4,"10,374","56,028"
#455A64,54099,Wayne County,West Virginia,30.6,7.7,23.2,23.3,10.0,20.4,"9,468","53,315"
#FBC02D,05031,Craighead County,Arkansas,30.6,8.8,16.6,16.6,9.5,13.5,"10,538","67,880"
#1976D2,21089,Greenup County,Kentucky,30.6,4.9,16.9,24.8,8.4,20.3,"10,912","69,483"
#D81B60,13307,Webster County,Georgia,30.5,8.2,22.4,18.0,11.8,20.0,"8,617","53,823"
#388E3C,29123,Madison County,Missouri,30.5,10.8,14.2,20.1,8.6,18.8,"9,669","59,032"
#D81B60,13033,Burke County,Georgia,30.5,12.3,22.2,16.1,12.3,15.0,"8,995","59,197"
#E64A19,47013,Campbell County,Tennessee,30.5,11.4,21.0,23.5,9.8,20.4,"10,123","57,568"
#D81B60,13115,Floyd County,Georgia,30.4,13.5,18.4,24.1,9.0,16.5,"11,239","67,957"
#FBC02D,05063,Independence County,Arkansas,30.4,8.7,16.7,21.8,8.4,17.2,"10,586","60,581"
#388E3C,22031,De Soto Parish,Louisiana,30.4,9.5,22.0,20.1,11.7,17.2,"11,663","65,839"
#455A64,48415,Scurry County,Texas,30.4,18.9,14.4,19.8,8.6,15.1,"11,853","69,818"
#388E3C,29133,Mississippi County,Missouri,30.3,14.8,25.3,20.3,12.1,17.6,"9,603","50,405"
#388E3C,24039,Somerset County,Maryland,30.3,5.8,21.7,20.3,9.3,16.2,"10,288","55,239"
#388E3C,28125,Sharkey County,Mississippi,30.3,17.8,27.4,18.6,14.5,18.2,"11,222","47,529"
#E64A19,40125,Pottawatomie County,Oklahoma,30.3,14.5,16.2,21.8,7.3,16.0,"11,130","64,015"
#E64A19,40047,Garfield County,Oklahoma,30.2,14.7,13.8,22.8,8.3,15.9,"10,278","71,136"
#E64A19,45075,Orangeburg County,South Carolina,30.2,11.2,23.6,15.7,12.3,19.0,"10,501","51,073"
#455A64,54105,Wirt County,West Virginia,30.2,5.3,16.2,16.2,10.0,19.6,"8,500","54,877"
#FBC02D,05041,Desha County,Arkansas,30.2,6.3,29.1,17.0,14.8,18.7,"11,534","45,429"
#388E3C,29023,Butler County,Missouri,30.1,11.9,23.7,20.3,10.7,18.5,"9,624","53,954"
#455A64,48283,La Salle County,Texas,30.1,18.8,17.0,18.5,10.4,17.0,"11,171","69,533"
#455A64,51520,Bristol city,Virginia,30.1,10.2,22.6,21.5,7.3,20.4,"10,622","53,193"
#455A64,48133,Eastland County,Texas,30.1,17.2,18.3,17.6,8.2,22.4,"11,491","61,234"
#1976D2,21063,Elliott County,Kentucky,30.1,5.1,30.6,22.0,11.5,19.0,"9,416","43,276"
#455A64,48379,Rains County,Texas,30.1,19.4,12.9,20.2,6.6,24.6,"12,335","71,527"
#455A64,48165,Gaines County,Texas,30.1,33.7,15.3,17.8,5.6,8.8,"12,415","79,384"
#455A64,51195,Wise County,Virginia,30.0,11.0,22.1,21.7,10.1,17.7,"9,281","52,791"
#388E3C,22123,West Carroll Parish,Louisiana,30.0,13.7,21.9,23.9,11.1,18.7,"12,707","55,983"
#455A64,48229,Hudspeth County,Texas,30.0,26.5,24.4,13.7,10.6,15.3,"9,852","46,896"
#FBC02D,05127,Scott County,Arkansas,29.9,10.0,19.1,23.0,9.0,20.7,"10,137","46,067"
#D81B60,13107,Emanuel County,Georgia,29.9,17.7,22.1,21.8,10.3,15.7,"10,833","50,288"
#455A64,48307,McCulloch County,Texas,29.9,20.6,16.9,20.3,8.5,21.8,"11,125","58,812"
#D81B60,12007,Bradford County,Florida,29.9,11.3,22.2,27.1,11.3,17.8,"12,123","57,585"
#D81B60,01121,Talladega County,Alabama,29.9,9.3,19.1,21.0,11.2,17.5,"11,137","57,269"
#388E3C,28119,Quitman County,Mississippi,29.9,17.4,35.6,20.6,16.8,16.6,"12,545","36,132"
#D81B60,13277,Tift County,Georgia,29.9,18.8,23.3,19.6,12.0,14.5,"10,620","60,196"
#455A64,48063,Camp County,Texas,29.9,17.0,18.5,17.7,6.7,18.5,"11,402","60,622"
#455A64,54047,McDowell County,West Virginia,29.8,6.0,33.2,22.0,11.0,20.8,"8,598","37,916"
#E64A19,40117,Pawnee County,Oklahoma,29.8,15.5,15.9,19.4,8.9,18.8,"11,552","61,953"
#455A64,48151,Fisher County,Texas,29.8,12.6,15.1,21.3,11.0,22.8,"13,313","65,512"
#D81B60,13009,Baldwin County,Georgia,29.7,11.9,23.6,19.7,12.2,15.4,"10,825","56,958"
#FBC02D,37139,Pasquotank County,North Carolina,29.7,11.9,15.7,18.2,9.4,16.5,"9,643","62,857"
#455A64,48487,Wilbarger County,Texas,29.7,14.7,19.2,25.0,8.7,18.5,"13,205","59,547"
#455A64,48459,Upshur County,Texas,29.7,16.7,16.0,18.4,7.8,17.9,"11,179","68,387"
#455A64,48257,Kaufman County,Texas,29.7,13.7,11.4,19.8,8.4,11.8,"11,463","86,500"
#FBC02D,05091,Miller County,Arkansas,29.6,9.4,20.1,20.7,9.8,16.4,"11,410","59,733"
#455A64,48059,Callahan County,Texas,29.6,17.9,10.7,22.1,11.0,20.6,"11,831","62,737"
#455A64,48425,Somervell County,Texas,29.6,13.6,23.4,16.1,7.3,18.3,"10,922","79,424"
#1976D2,20145,Pawnee County,Kansas,29.6,9.6,6.4,16.8,8.5,20.3,"13,663","62,633"
#FBC02D,37141,Pender County,North Carolina,29.6,10.2,14.1,18.2,8.9,17.7,"9,642","76,780"
#455A64,48067,Cass County,Texas,29.6,13.7,18.5,19.5,8.3,21.9,"11,458","57,311"
#455A64,48277,Lamar County,Texas,29.6,16.3,17.4,25.2,8.6,18.9,"11,697","60,777"
#FBC02D,05003,Ashley County,Arkansas,29.5,7.8,16.7,18.4,12.0,19.9,"10,745","59,845"
#FBC02D,37041,Chowan County,North Carolina,29.5,9.3,16.0,16.2,10.1,24.2,"8,614","57,515"
#D81B60,01059,Franklin County,Alabama,29.5,11.7,19.4,22.8,9.5,16.9,"10,990","56,907"
#388E3C,28019,Choctaw County,Mississippi,29.5,8.5,19.9,16.2,10.9,21.4,"11,999","53,744"
#455A64,48467,Van Zandt County,Texas,29.4,18.1,13.6,20.4,7.1,20.0,"11,613","74,068"
#388E3C,22117,Washington Parish,Louisiana,29.4,11.8,24.4,28.1,11.9,17.5,"15,121","52,104"
#FBC02D,37071,Gaston County,North Carolina,29.4,10.3,14.5,18.8,9.6,15.8,"10,386","69,460"
#388E3C,29207,Stoddard County,Missouri,29.4,11.2,18.2,19.0,8.9,19.7,"9,829","53,651"
#E64A19,45047,Greenwood County,South Carolina,29.4,11.8,20.8,17.4,10.3,18.1,"10,059","60,286"
#455A64,54039,Kanawha County,West Virginia,29.4,5.8,17.2,23.8,10.6,20.0,"10,173","66,597"
#D81B60,13235,Pulaski County,Georgia,29.3,14.3,22.2,20.6,10.1,19.9,"10,721","58,868"
#455A64,48409,San Patricio County,Texas,29.3,16.8,15.9,22.4,8.7,14.6,"11,957","74,270"
#E64A19,40133,Seminole County,Oklahoma,29.3,19.4,20.4,21.5,7.2,17.7,"11,833","52,767"
#455A64,48037,Bowie County,Texas,29.3,13.8,16.6,21.7,10.0,16.4,"12,095","71,353"
#FBC02D,35025,Lea County,New Mexico,29.3,13.0,15.8,16.5,8.9,11.1,"10,197","75,101"
#E64A19,45053,Jasper County,South Carolina,29.3,15.6,17.7,12.0,10.5,18.2,"9,364","63,279"
#388E3C,29181,Ripley County,Missouri,29.3,14.5,25.4,23.0,9.7,20.6,"9,851","46,280"
#388E3C,22021,Caldwell Parish,Louisiana,29.3,12.9,25.1,27.1,9.2,18.1,"13,694","61,083"
#E64A19,40115,Ottawa County,Oklahoma,29.3,17.1,20.7,20.8,7.9,18.0,"10,176","53,337"
#455A64,48241,Jasper County,Texas,29.2,17.5,18.5,26.3,8.7,19.4,"12,129","64,222"
#D81B60,13069,Coffee County,Georgia,29.2,18.6,19.9,23.9,11.0,13.7,"12,236","54,717"
#E64A19,40005,Atoka County,Oklahoma,29.2,17.0,20.6,23.0,8.7,18.7,"12,566","54,846"
#455A64,51650,Hampton city,Virginia,29.1,8.1,15.2,17.2,9.7,15.0,"9,751","72,086"
#E64A19,45039,Fairfield County,South Carolina,29.1,10.5,20.9,17.7,11.5,20.5,"9,293","55,357"
#E64A19,40065,Jackson County,Oklahoma,29.1,12.8,17.3,19.6,9.0,14.8,"10,770","64,649"
#FBC02D,37127,Nash County,North Carolina,29.0,9.7,15.2,19.0,9.7,17.8,"9,710","67,836"
#455A64,51105,Lee County,Virginia,29.0,12.2,25.5,19.8,10.2,20.8,"8,684","48,605"
#388E3C,30003,Big Horn County,Montana,29.0,32.3,25.5,13.2,8.2,12.1,"12,338","63,920"
#455A64,48437,Swisher County,Texas,29.0,20.2,25.2,18.2,9.1,18.4,"12,256","54,469"
#E64A19,40127,Pushmataha County,Oklahoma,29.0,18.4,20.4,21.4,9.3,22.6,"11,107","54,865"
#E64A19,40139,Texas County,Oklahoma,29.0,18.9,19.6,15.4,6.4,11.0,"9,663","60,808"
#1976D2,21153,Magoffin County,Kentucky,29.0,4.6,28.3,24.4,11.1,16.8,"9,892","43,655"
#E64A19,45085,Sumter County,South Carolina,29.0,11.4,18.7,20.8,10.8,15.9,"10,450","59,059"
#455A64,51670,Hopewell city,Virginia,28.9,9.4,23.6,22.4,13.4,15.5,"11,292","53,893"
#D81B60,13293,Upson County,Georgia,28.9,11.8,20.9,14.5,12.2,18.0,"9,144","52,684"
#455A64,48097,Cooke County,Texas,28.9,14.4,12.8,17.5,6.3,18.2,"11,715","78,698"
#FBC02D,05067,Jackson County,Arkansas,28.9,7.7,24.4,20.7,9.7,17.5,"11,036","53,156"
#1976D2,21127,Lawrence County,Kentucky,28.9,8.6,26.5,23.3,10.2,17.1,"8,492","46,907"
#455A64,54015,Clay County,West Virginia,28.8,3.5,27.5,22.8,9.2,20.1,"8,629","45,212"
#E64A19,47121,Meigs County,Tennessee,28.8,10.4,16.9,18.7,9.8,21.7,"9,456","59,132"
#E64A19,45001,Abbeville County,South Carolina,28.7,11.1,18.7,15.5,9.3,21.1,"9,279","53,822"
#455A64,48329,Midland County,Texas,28.7,16.6,9.6,18.0,8.2,10.3,"10,069","110,414"
#E64A19,47129,Morgan County,Tennessee,28.7,10.2,22.8,19.2,9.8,17.4,"9,548","57,062"
#455A64,48147,Fannin County,Texas,28.7,16.2,12.0,24.3,7.9,18.5,"12,664","72,914"
#D81B60,12047,Hamilton County,Florida,28.7,13.7,29.9,21.4,9.9,17.0,"10,252","51,642"
#455A64,54029,Hancock County,West Virginia,28.7,6.4,13.9,22.1,9.5,22.6,"11,922","58,679"
#455A64,48049,Brown County,Texas,28.6,14.5,12.6,18.5,8.7,19.5,"10,856","69,577"
#FBC02D,37131,Northampton County,North Carolina,28.6,13.7,20.7,20.5,11.7,25.1,"10,935","50,620"
#388E3C,29201,Scott County,Missouri,28.6,11.0,19.8,19.7,9.7,17.8,"9,938","61,674"
#D81B60,13309,Wheeler County,Georgia,28.6,21.5,25.7,22.8,9.2,14.1,"11,872","39,372"
#E64A19,40009,Beckham County,Oklahoma,28.6,13.8,16.7,19.3,8.5,13.5,"10,482","68,503"
#E64A19,45081,Saluda County,South Carolina,28.5,13.3,15.1,15.3,10.2,19.2,"9,689","60,021"
#FBC02D,05123,St. Francis County,Arkansas,28.5,8.6,24.9,15.3,12.7,16.1,"10,072","48,443"
#1976D2,18017,Cass County,Indiana,28.4,9.4,14.6,21.1,8.2,17.4,"10,596","61,608"
#FBC02D,05075,Lawrence County,Arkansas,28.4,6.6,15.6,18.5,8.3,19.3,"11,345","53,357"
#D81B60,13125,Glascock County,Georgia,28.4,7.2,18.9,20.5,6.2,16.5,"9,351","61,176"
#455A64,48333,Mills County,Texas,28.4,17.8,15.6,16.0,8.4,30.8,"9,766","66,818"
#FBC02D,37195,Wilson County,North Carolina,28.4,12.2,20.3,18.9,11.4,17.5,"10,277","60,985"
#455A64,48367,Parker County,Texas,28.3,14.5,8.1,20.8,6.6,15.3,"11,639","100,080"
#E64A19,40049,Garvin County,Oklahoma,28.3,14.9,15.2,20.0,9.0,17.7,"11,111","63,489"
#E64A19,45089,Williamsburg County,South Carolina,28.3,9.7,26.4,15.9,13.3,20.0,"10,656","44,987"
#388E3C,28095,Monroe County,Mississippi,28.3,10.2,17.4,19.3,14.0,19.0,"11,476","57,421"
#E64A19,47171,Unicoi County,Tennessee,28.2,10.1,18.1,20.2,10.0,23.2,"10,153","52,758"
#455A64,54001,Barbour County,West Virginia,28.2,4.9,20.8,23.3,7.6,19.4,"10,220","56,827"
#388E3C,22101,St. Mary Parish,Louisiana,28.2,8.0,19.7,20.7,10.4,16.1,"11,620","54,359"
#1976D2,20175,Seward County,Kansas,28.2,19.1,16.9,15.2,6.0,9.4,"9,800","61,443"
#E64A19,47063,Hamblen County,Tennessee,28.2,11.1,17.3,22.0,8.5,17.9,"9,921","58,713"
#E64A19,47107,McMinn County,Tennessee,28.2,10.6,19.3,18.1,8.7,19.4,"9,818","58,406"
#455A64,48485,Wichita County,Texas,28.2,14.1,16.9,24.1,8.1,14.5,"12,673","63,778"
#D81B60,13191,McIntosh County,Georgia,28.2,14.9,17.6,15.9,10.4,25.7,"10,774","61,632"
#D81B60,13299,Ware County,Georgia,28.1,16.3,24.9,22.0,10.4,16.9,"11,184","52,895"
#388E3C,22035,East Carroll Parish,Louisiana,28.1,9.0,44.6,28.6,16.1,14.0,"14,580","58,740"
#455A64,51167,Russell County,Virginia,28.1,9.7,21.1,19.8,8.5,20.7,"9,397","51,299"
#D81B60,13279,Toombs County,Georgia,28.1,18.3,23.3,20.4,11.6,16.2,"10,546","64,821"
#FBC02D,32021,Mineral County,Nevada,28.1,9.8,19.8,11.0,8.5,30.5,"8,972","47,501"
#455A64,54041,Lewis County,West Virginia,28.1,6.4,21.1,18.1,10.0,20.2,"9,067","57,301"
#D81B60,12003,Baker County,Florida,28.1,10.0,12.0,25.4,10.0,13.7,"11,855","74,509"
#455A64,54045,Logan County,West Virginia,28.1,7.2,25.4,26.5,11.3,19.4,"10,909","53,008"
#E64A19,47003,Bedford County,Tennessee,28.1,11.3,14.3,21.0,8.6,15.0,"10,521","67,937"
#D81B60,13305,Wayne County,Georgia,28.1,15.1,15.3,19.5,9.7,15.6,"10,892","58,658"
#455A64,48089,Colorado County,Texas,28.0,15.0,10.0,19.2,8.7,21.6,"12,346","73,305"
#1976D2,20155,Reno County,Kansas,28.0,9.4,12.9,17.6,7.3,19.3,"9,683","65,695"
#388E3C,28025,Clay County,Mississippi,28.0,11.9,25.5,16.4,14.3,17.9,"10,255","50,035"
#455A64,48361,Orange County,Texas,28.0,15.9,13.3,23.9,9.6,15.6,"12,298","77,645"
#455A64,51730,Petersburg city,Virginia,27.9,12.4,24.1,22.2,11.9,16.7,"11,742","53,064"
#455A64,51800,Suffolk city,Virginia,27.9,6.3,10.4,19.0,9.3,14.2,"9,909","92,145"
#455A64,54031,Hardy County,West Virginia,27.9,4.6,13.8,17.1,8.1,21.9,"8,699","66,790"
#FBC02D,05135,Sharp County,Arkansas,27.9,6.3,22.2,17.5,9.8,25.9,"10,564","48,262"
#388E3C,29187,St. Francois County,Missouri,27.9,9.0,15.5,24.0,8.7,16.2,"10,603","58,714"
#E64A19,40067,Jefferson County,Oklahoma,27.9,17.7,21.4,21.5,10.1,20.1,"14,057","60,666"
#455A64,54097,Upshur County,West Virginia,27.9,7.4,20.6,18.2,6.9,19.8,"9,817","57,801"
#455A64,48355,Nueces County,Texas,27.8,17.1,16.6,21.5,8.7,14.1,"11,968","74,953"
#D81B60,12027,DeSoto County,Florida,27.8,19.2,26.8,27.6,7.4,21.7,"12,563","49,625"
#455A64,51181,Surry County,Virginia,27.8,11.8,15.9,17.5,9.6,21.7,"8,918","70,125"
#455A64,54021,Gilmer County,West Virginia,27.8,9.6,16.4,20.5,7.4,16.6,"10,919","51,440"
#FBC02D,37167,Stanly County,North Carolina,27.8,11.2,12.9,19.4,9.6,18.7,"10,240","66,853"
#E64A19,45007,Anderson County,South Carolina,27.7,9.8,14.6,18.0,9.3,17.7,"10,040","68,900"
#E64A19,47123,Monroe County,Tennessee,27.7,9.2,18.4,17.4,9.4,20.7,"9,610","56,518"
#455A64,48183,Gregg County,Texas,27.7,18.5,18.0,19.5,8.1,15.1,"12,549","69,786"
#455A64,54087,Roane County,West Virginia,27.7,5.0,18.4,19.0,10.3,21.3,"9,004","53,771"
#455A64,54083,Randolph County,West Virginia,27.7,7.4,18.5,22.6,8.2,21.1,"9,809","61,113"
#455A64,48489,Willacy County,Texas,27.6,27.6,27.0,39.0,8.5,13.7,"14,326","47,742"
#D81B60,13045,Carroll County,Georgia,27.6,12.3,17.3,18.4,8.1,13.4,"10,449","68,005"
#388E3C,22125,West Feliciana Parish,Louisiana,27.6,7.5,12.0,16.1,8.9,14.1,"12,143","85,586"
#455A64,54019,Fayette County,West Virginia,27.6,7.1,20.5,23.0,9.5,20.4,"10,582","52,802"
#E64A19,40113,Osage County,Oklahoma,27.5,12.4,15.6,18.5,7.0,19.3,"11,290","64,349"
#E64A19,40135,Sequoyah County,Oklahoma,27.5,19.0,21.5,21.9,7.8,18.1,"11,822","52,371"
#D81B60,12067,Lafayette County,Florida,27.5,16.6,12.8,22.8,7.4,13.8,"11,099","57,595"
#FBC02D,05039,Dallas County,Arkansas,27.5,6.5,14.7,16.0,12.2,22.2,"10,677","45,536"
#D81B60,13031,Bulloch County,Georgia,27.5,13.3,26.4,20.0,9.9,11.1,"11,380","60,741"
#D81B60,12013,Calhoun County,Florida,27.5,16.5,14.7,24.4,8.5,19.2,"11,775","53,097"
#D81B60,13319,Wilkinson County,Georgia,27.5,9.8,23.4,22.8,12.8,18.7,"10,634","53,601"
#388E3C,28081,Lee County,Mississippi,27.5,11.4,14.6,18.8,12.5,14.5,"10,079","67,659"
#FBC02D,39081,Jefferson County,Ohio,27.4,5.6,17.5,23.1,8.5,21.0,"11,964","62,303"
#E64A19,40107,Okfuskee County,Oklahoma,27.4,23.6,26.3,19.6,7.0,17.5,"11,565","51,384"
#E64A19,40137,Stephens County,Oklahoma,27.4,13.5,14.3,21.3,9.1,19.2,"10,228","63,675"
#D81B60,13149,Heard County,Georgia,27.4,11.9,14.3,18.6,7.6,16.6,"9,709","58,620"
#E64A19,40081,Lincoln County,Oklahoma,27.4,13.9,13.9,18.3,8.2,17.9,"10,634","65,535"
#455A64,48215,Hidalgo County,Texas,27.4,30.3,29.7,31.6,8.5,10.8,"13,168","58,014"
#455A64,48337,Montague County,Texas,27.4,18.7,15.6,17.9,8.0,22.4,"11,678","68,126"
#388E3C,22053,Jefferson Davis Parish,Louisiana,27.3,8.1,19.1,25.2,9.9,16.1,"12,579","65,425"
#E64A19,47153,Sequatchie County,Tennessee,27.3,11.6,19.7,19.6,10.0,20.0,"10,259","58,572"
#E64A19,40033,Cotton County,Oklahoma,27.3,14.7,18.2,24.8,8.4,19.4,"11,713","61,070"
#455A64,48439,Tarrant County,Texas,27.3,16.1,11.9,20.3,8.4,11.0,"11,953","92,653"
#455A64,54049,Marion County,West Virginia,27.3,5.2,16.4,25.9,10.1,19.1,"10,973","64,299"
#E64A19,40039,Custer County,Oklahoma,27.3,13.4,18.2,18.6,7.2,13.4,"11,118","68,026"
#388E3C,28155,Webster County,Mississippi,27.2,10.5,22.2,17.8,11.3,17.9,"10,883","54,448"
#455A64,48501,Yoakum County,Texas,27.2,27.9,8.4,13.3,6.4,11.5,"9,176","80,243"
#E64A19,45041,Florence County,South Carolina,27.2,10.3,18.4,19.7,12.7,16.3,"10,710","66,648"
#388E3C,28009,Benton County,Mississippi,27.2,15.3,20.3,21.1,11.2,17.4,"11,220","49,647"
#FBC02D,36015,Chemung County,New York,27.2,4.3,13.9,18.4,7.3,18.4,"9,802","70,677"
#388E3C,29119,McDonald County,Missouri,27.2,18.7,18.6,17.3,8.1,15.3,"10,015","54,657"
#D81B60,13109,Evans County,Georgia,27.2,16.9,26.9,20.0,10.7,16.4,"10,801","54,026"
#455A64,48179,Gray County,Texas,27.2,19.3,16.5,24.1,7.2,15.8,"11,806","66,482"
#455A64,48323,Maverick County,Texas,27.2,31.1,26.9,25.6,8.2,11.5,"13,217","53,367"
#FBC02D,05043,Drew County,Arkansas,27.2,5.5,18.8,19.7,9.6,17.0,"10,610","64,337"
#1976D2,20049,Elk County,Kansas,27.2,9.1,18.0,18.6,5.5,28.9,"11,604","53,233"
#1976D2,20075,Hamilton County,Kansas,27.2,19.1,10.5,16.5,6.7,13.5,"14,233","54,808"
#388E3C,22073,Ouachita Parish,Louisiana,27.2,9.6,24.7,20.3,12.1,14.5,"13,088","63,423"
#388E3C,22059,LaSalle Parish,Louisiana,27.1,10.1,20.0,22.4,9.0,16.7,"12,939","60,286"
#455A64,48407,San Jacinto County,Texas,27.1,19.5,15.2,21.9,8.8,22.1,"12,642","60,411"
#455A64,48423,Smith County,Texas,27.1,16.3,15.4,19.1,7.8,16.2,"12,126","77,878"
#455A64,48455,Trinity County,Texas,27.1,19.9,15.5,20.9,7.7,26.2,"10,931","58,110"
#388E3C,22047,Iberville Parish,Louisiana,27.1,9.9,18.2,21.3,12.7,15.2,"13,098","66,504"
#388E3C,22067,Morehouse Parish,Louisiana,27.0,9.2,28.3,19.5,14.4,18.2,"13,330","45,813"
#1976D2,21175,Morgan County,Kentucky,27.0,5.7,22.7,18.9,9.9,16.5,"8,793","49,961"
#D81B60,12063,Jackson County,Florida,27.0,11.3,19.4,22.9,8.8,19.3,"10,947","53,662"
#388E3C,29131,Miller County,Missouri,27.0,10.3,16.9,16.8,8.2,18.8,"9,216","64,090"
#D81B60,13225,Peach County,Georgia,27.0,12.9,22.2,25.1,10.3,15.5,"11,151","63,011"
#E64A19,40103,Noble County,Oklahoma,26.9,9.3,10.8,19.2,6.8,18.8,"9,946","70,442"
#D81B60,01079,Lawrence County,Alabama,26.9,9.1,18.0,24.0,8.3,18.1,"10,221","58,315"
#1976D2,20169,Saline County,Kansas,26.9,8.7,11.5,15.4,7.2,17.2,"9,771","69,043"
#E64A19,45017,Calhoun County,South Carolina,26.9,9.3,20.8,12.6,10.9,22.0,"9,860","61,193"
#455A64,48449,Titus County,Texas,26.9,18.1,17.7,21.2,6.7,14.0,"12,253","62,814"
#FBC02D,39007,Ashtabula County,Ohio,26.9,9.7,19.9,20.5,8.1,18.5,"10,717","59,932"
#388E3C,22119,Webster Parish,Louisiana,26.9,9.4,29.8,20.0,12.3,19.3,"12,337","43,967"
#E64A19,40129,Roger Mills County,Oklahoma,26.9,13.3,17.3,15.6,8.4,20.2,"10,909","79,732"
#455A64,48499,Wood County,Texas,26.9,13.1,14.6,18.4,6.5,26.7,"11,895","70,971"
#455A64,48305,Lynn County,Texas,26.8,18.7,18.2,21.5,9.1,16.9,"13,310","65,295"
#1976D2,21135,Lewis County,Kentucky,26.8,5.1,24.4,22.3,8.3,17.9,"10,598","47,765"
#455A64,51081,Greensville County,Virginia,26.8,10.5,15.3,17.1,13.1,14.8,"9,011","57,215"
#1976D2,21205,Rowan County,Kentucky,26.8,5.3,27.9,25.3,9.7,13.6,"9,588","56,144"
#FBC02D,37181,Vance County,North Carolina,26.8,10.8,20.8,17.7,12.4,17.9,"10,296","56,810"
#E64A19,40079,Le Flore County,Oklahoma,26.8,18.0,20.7,23.4,7.8,17.5,"12,033","54,669"
#E64A19,40095,Marshall County,Oklahoma,26.7,17.4,17.0,23.1,7.1,22.3,"12,464","57,883"
#FBC02D,37163,Sampson County,North Carolina,26.7,15.7,20.9,25.8,8.9,17.4,"10,525","58,515"
#388E3C,22037,East Feliciana Parish,Louisiana,26.7,8.3,17.5,21.0,11.3,17.1,"11,650","68,891"
#E64A19,47155,Sevier County,Tennessee,26.7,15.3,13.7,16.7,8.1,19.3,"8,476","63,337"
#455A64,48163,Frio County,Texas,26.7,21.5,23.3,24.4,10.0,12.4,"12,654","67,332"
#455A64,54009,Brooke County,West Virginia,26.7,4.8,13.2,22.4,8.2,22.8,"11,448","60,771"
#E64A19,45027,Clarendon County,South Carolina,26.7,10.9,22.9,18.5,10.7,22.8,"9,684","57,912"
#D81B60,13101,Echols County,Georgia,26.6,23.5,24.1,24.6,,16.1,"10,469","53,541"
#455A64,54033,Harrison County,West Virginia,26.6,5.8,15.3,20.3,9.7,19.0,"9,628","70,609"
#455A64,48417,Shackelford County,Texas,26.6,12.8,13.3,24.7,9.2,19.2,"12,834","60,781"
#455A64,48103,Crane County,Texas,26.5,15.1,8.1,20.9,8.0,13.6,"15,529","79,907"
#455A64,54007,Braxton County,West Virginia,26.5,5.4,22.0,17.0,9.1,22.4,"7,830","54,597"
#FBC02D,37103,Jones County,North Carolina,26.5,15.8,24.5,20.8,7.3,22.8,"9,836","50,360"
#E64A19,45077,Pickens County,South Carolina,26.5,9.7,16.6,16.9,7.8,16.1,"9,780","65,834"
#1976D2,18143,Scott County,Indiana,26.5,8.5,14.9,23.0,9.2,16.6,"10,714","60,070"
#455A64,48013,Atascosa County,Texas,26.5,17.9,14.8,21.1,8.0,14.3,"11,089","72,059"
#455A64,48303,Lubbock County,Texas,26.5,13.0,18.9,21.6,8.8,12.2,"12,172","73,239"
#455A64,48225,Houston County,Texas,26.5,14.9,21.8,18.5,9.1,21.3,"11,351","51,799"
#FBC02D,05057,Hempstead County,Arkansas,26.5,9.1,22.7,16.6,9.4,17.9,"10,850","55,612"
#388E3C,30085,Roosevelt County,Montana,26.5,27.7,28.3,11.2,8.1,11.1,"12,179","57,792"
#FBC02D,35006,Cibola County,New Mexico,26.5,9.1,26.1,11.7,9.7,15.6,"9,225","52,278"
#455A64,48153,Floyd County,Texas,26.5,21.5,14.7,22.0,9.5,18.6,"12,111","59,595"
#455A64,48245,Jefferson County,Texas,26.5,19.9,17.7,25.3,10.2,14.2,"12,995","71,052"
#1976D2,21097,Harrison County,Kentucky,26.5,6.3,17.6,17.4,7.6,17.4,"9,691","61,766"
#388E3C,22013,Bienville Parish,Louisiana,26.4,9.9,28.4,21.0,13.9,20.3,"15,389","49,035"
#455A64,48297,Live Oak County,Texas,26.4,17.9,17.2,20.6,7.5,20.3,"10,890","71,127"
#388E3C,22039,Evangeline Parish,Louisiana,26.4,11.6,28.7,26.7,10.8,15.1,"13,261","48,970"
#455A64,48289,Leon County,Texas,26.4,17.0,17.6,18.6,7.2,24.2,"11,034","75,277"
#E64A19,45049,Hampton County,South Carolina,26.4,10.4,20.5,15.3,13.4,18.0,"10,364","45,391"
#455A64,48395,Robertson County,Texas,26.4,13.3,14.0,21.9,9.9,19.0,"12,955","67,904"
#E64A19,47131,Obion County,Tennessee,26.4,9.3,21.1,20.8,9.1,19.8,"11,109","54,450"
#1976D2,18077,Jefferson County,Indiana,26.3,7.2,13.5,18.4,8.1,17.4,"10,144","67,274"
#388E3C,22017,Caddo Parish,Louisiana,26.3,9.3,23.3,20.5,14.0,16.5,"12,440","65,177"
#D81B60,13197,Marion County,Georgia,26.3,10.7,16.7,20.5,9.6,20.7,"8,451","55,358"
#1976D2,21165,Menifee County,Kentucky,26.3,3.5,23.7,25.5,8.9,20.2,"8,977","47,917"
#388E3C,22023,Cameron Parish,Louisiana,26.3,9.7,9.9,21.7,8.4,16.0,"10,013","74,910"
#388E3C,22025,Catahoula Parish,Louisiana,26.3,10.9,22.1,19.8,12.1,16.8,"11,013","60,017"
#455A64,48505,Zapata County,Texas,26.3,28.5,34.5,26.4,8.3,13.8,"12,567","60,551"
#388E3C,24045,Wicomico County,Maryland,26.3,6.6,15.4,19.9,9.1,15.5,"10,441","73,662"
#D81B60,13257,Stephens County,Georgia,26.3,13.5,13.2,20.5,9.2,19.7,"9,666","62,370"
#D81B60,13259,Stewart County,Georgia,26.3,16.3,34.5,23.3,11.7,14.9,"12,715","46,204"
#E64A19,47151,Scott County,Tennessee,26.2,10.4,21.9,23.4,9.4,16.5,"10,308","51,084"
#E64A19,40121,Pittsburg County,Oklahoma,26.2,16.1,16.8,19.9,7.5,19.5,"10,921","62,746"
#1976D2,18139,Rush County,Indiana,26.2,9.8,14.5,16.4,6.8,17.9,"9,867","65,706"
#388E3C,29221,Washington County,Missouri,26.2,12.4,20.1,24.1,10.4,16.2,"11,594","54,810"
#FBC02D,37143,Perquimans County,North Carolina,26.2,11.4,15.1,16.0,7.0,27.1,"9,158","62,649"
#455A64,48383,Reagan County,Texas,26.2,22.1,9.6,19.1,9.1,8.2,"11,829","79,512"
#FBC02D,37017,Bladen County,North Carolina,26.2,12.9,24.3,22.5,10.3,21.0,"10,936","55,229"
#E64A19,45083,Spartanburg County,South Carolina,26.2,10.0,14.0,16.4,9.0,15.9,"9,527","69,514"
#FBC02D,37159,Rowan County,North Carolina,26.2,11.8,15.9,18.7,9.7,17.2,"10,055","65,110"
#1976D2,20001,Allen County,Kansas,26.2,5.1,17.7,14.1,6.5,20.2,"11,072","54,789"
#1976D2,20099,Labette County,Kansas,26.2,11.0,18.4,15.4,7.6,18.5,"10,280","58,891"
#455A64,51115,Mathews County,Virginia,26.2,12.0,11.4,15.5,9.7,31.2,"9,403","81,363"
#E64A19,40045,Ellis County,Oklahoma,26.2,13.7,16.0,17.4,6.2,22.5,"9,662","65,146"
#D81B60,12023,Columbia County,Florida,26.2,12.5,15.8,23.3,10.5,18.3,"11,685","63,704"
#E64A19,47091,Johnson County,Tennessee,26.1,11.3,24.9,15.8,8.7,22.4,"9,518","54,024"
#388E3C,28057,Itawamba County,Mississippi,26.1,10.2,13.5,20.7,10.5,17.3,"10,543","56,901"
#E64A19,47143,Rhea County,Tennessee,26.1,9.6,19.3,19.9,8.1,18.0,"9,905","57,598"
#455A64,48093,Comanche County,Texas,26.1,14.1,11.2,16.1,6.9,24.0,"10,412","63,959"
#E64A19,45073,Oconee County,South Carolina,26.1,11.1,17.5,16.1,8.3,22.8,"9,193","71,045"
#455A64,48291,Liberty County,Texas,26.1,19.8,14.1,22.5,8.6,13.0,"12,987","68,334"
#D81B60,12107,Putnam County,Florida,26.1,16.0,23.6,25.5,10.8,22.7,"11,898","50,838"
#455A64,48107,Crosby County,Texas,26.1,21.6,20.6,20.3,8.1,18.2,"12,598","51,516"
#455A64,51640,Galax city,Virginia,26.0,16.2,23.8,19.1,12.2,22.4,"9,659","53,117"
#388E3C,29059,Dallas County,Missouri,26.0,15.7,13.4,18.4,8.0,20.5,"9,938","62,312"
#455A64,48235,Irion County,Texas,26.0,14.7,14.9,19.2,9.0,16.9,"9,652","66,890"
#388E3C,28115,Pontotoc County,Mississippi,26.0,15.8,16.2,18.4,10.4,14.7,"10,258","58,032"
#455A64,51820,Waynesboro city,Virginia,26.0,13.6,16.8,18.1,9.0,17.6,"9,895","62,228"
#1976D2,21183,Ohio County,Kentucky,26.0,5.5,18.9,24.8,8.2,17.6,"10,134","62,237"
#455A64,48077,Clay County,Texas,26.0,12.6,12.2,22.8,4.8,22.8,"12,302","71,797"
#D81B60,13213,Murray County,Georgia,25.9,14.6,15.6,24.1,8.7,14.4,"9,762","59,543"
#FBC02D,05133,Sevier County,Arkansas,25.9,16.8,21.3,20.3,6.3,13.9,"10,816","63,163"
#388E3C,29163,Pike County,Missouri,25.9,9.1,15.1,16.3,8.3,17.0,"10,078","60,711"
#455A64,48497,Wise County,Texas,25.9,17.9,10.7,23.1,6.3,14.9,"12,933","82,046"
#455A64,54095,Tyler County,West Virginia,25.9,8.2,16.6,17.4,9.5,21.8,"9,129","60,134"
#FBC02D,32015,Lander County,Nevada,25.8,6.7,9.7,8.6,10.3,14.1,"8,866","84,729"
#E64A19,47031,Coffee County,Tennessee,25.8,9.2,14.0,21.1,9.2,17.2,"11,235","66,968"
#D81B60,01113,Russell County,Alabama,25.8,11.5,20.7,22.1,10.7,13.9,"10,098","55,932"
#FBC02D,37161,Rutherford County,North Carolina,25.8,11.5,17.9,16.9,8.8,21.1,"9,291","57,564"
#455A64,54077,Preston County,West Virginia,25.8,6.2,15.4,21.5,10.1,19.5,"10,296","65,439"
#455A64,48021,Bastrop County,Texas,25.8,16.3,11.2,18.1,7.6,14.6,"10,800","82,676"
#D81B60,12037,Franklin County,Florida,25.8,18.3,18.8,18.3,8.4,22.7,"9,119","68,529"
#455A64,54109,Wyoming County,West Virginia,25.8,5.6,22.4,22.2,12.5,20.8,"9,928","55,480"
#E64A19,45043,Georgetown County,South Carolina,25.7,10.2,17.9,13.7,10.6,27.0,"9,394","73,686"
#455A64,48185,Grimes County,Texas,25.7,14.0,17.0,21.2,9.7,16.9,"12,282","77,395"
#E64A19,40071,Kay County,Oklahoma,25.7,13.5,17.3,17.9,8.1,18.9,"10,739","63,840"
#1976D2,21099,Hart County,Kentucky,25.6,6.9,21.5,19.2,7.5,16.4,"9,451","51,902"
#388E3C,28163,Yazoo County,Mississippi,25.6,12.8,31.8,16.2,13.3,12.7,"12,272","53,676"
#388E3C,29185,St. Clair County,Missouri,25.6,12.4,17.1,18.3,6.6,27.2,"10,977","51,397"
#388E3C,28093,Marshall County,Mississippi,25.6,13.1,18.8,20.5,11.9,17.0,"11,517","58,572"
#FBC02D,35041,Roosevelt County,New Mexico,25.6,10.9,24.9,17.0,6.9,13.9,"10,108","54,667"
#D81B60,01133,Winston County,Alabama,25.6,12.3,17.6,23.7,10.1,21.3,"10,215","53,167"
#455A64,48475,Ward County,Texas,25.6,19.1,12.5,22.6,9.8,13.8,"10,869","73,249"
#FBC02D,37151,Randolph County,North Carolina,25.5,13.7,15.2,20.2,8.4,17.4,"9,569","60,701"
#D81B60,13289,Twiggs County,Georgia,25.5,9.6,19.3,23.4,10.3,21.9,"12,170","49,399"
#D81B60,13095,Dougherty County,Georgia,25.5,16.5,28.4,19.2,14.1,15.3,"10,390","54,662"
#FBC02D,05035,Crittenden County,Arkansas,25.5,8.4,22.2,18.5,13.9,13.6,"10,687","57,972"
#455A64,48479,Webb County,Texas,25.4,27.7,27.5,24.4,8.2,9.2,"12,644","63,769"
#455A64,54013,Calhoun County,West Virginia,25.4,5.7,21.7,16.7,10.3,23.5,"9,584","50,297"
#FBC02D,37111,McDowell County,North Carolina,25.4,11.5,16.8,18.9,10.2,19.9,"9,605","59,567"
#D81B60,13209,Montgomery County,Georgia,25.3,14.6,18.5,20.8,9.0,16.6,"10,894","61,661"
#455A64,54057,Mineral County,West Virginia,25.3,6.2,13.8,25.3,8.3,21.3,"9,616","61,016"
#D81B60,13079,Crawford County,Georgia,25.3,13.0,19.9,23.8,10.4,18.0,"10,999","59,937"
#455A64,51175,Southampton County,Virginia,25.3,6.7,9.0,18.0,10.1,19.4,"9,793","68,154"
#D81B60,13043,Candler County,Georgia,25.3,21.9,30.8,20.4,12.2,17.5,"10,311","52,898"
#455A64,54101,Webster County,West Virginia,25.3,5.9,26.1,21.0,10.1,22.7,"9,783","48,138"
#D81B60,13047,Catoosa County,Georgia,25.3,11.5,9.9,20.8,8.4,17.2,"10,601","70,444"
#E64A19,47115,Marion County,Tennessee,25.3,8.1,15.4,21.7,9.3,19.5,"10,762","61,823"
#455A64,48079,Cochran County,Texas,25.3,27.3,25.6,18.4,6.9,15.8,"12,512","58,478"
#1976D2,17121,Marion County,Illinois,25.2,6.5,17.7,20.5,9.2,19.3,"11,521","60,262"
#455A64,51155,Pulaski County,Virginia,25.2,7.0,14.8,20.7,8.6,22.5,"10,310","65,261"
#455A64,54035,Jackson County,West Virginia,25.2,5.6,17.7,22.8,9.0,19.9,"9,987","62,359"
#455A64,54017,Doddridge County,West Virginia,25.2,7.2,15.7,18.9,9.4,20.6,"8,643","65,148"
#388E3C,22029,Concordia Parish,Louisiana,25.2,13.8,25.0,20.2,13.8,16.9,"12,925","51,568"
#D81B60,01127,Walker County,Alabama,25.2,11.8,18.1,28.4,10.9,19.0,"10,763","59,159"
#388E3C,29013,Bates County,Missouri,25.2,9.3,12.0,20.0,7.3,19.3,"12,224","67,588"
#FBC02D,05071,Johnson County,Arkansas,25.2,11.1,22.7,15.9,6.9,16.2,"9,216","52,147"
#455A64,48469,Victoria County,Texas,25.2,16.8,15.0,22.7,7.9,15.8,"12,552","78,901"
#D81B60,13193,Macon County,Georgia,25.1,18.7,25.5,23.3,13.6,16.5,"11,562","46,927"
#E64A19,40109,Oklahoma County,Oklahoma,25.1,14.0,16.0,20.6,8.7,13.4,"11,272","79,865"
#455A64,51089,Henry County,Virginia,25.1,10.0,18.1,17.9,9.2,23.6,"9,438","50,970"
#D81B60,13275,Thomas County,Georgia,25.1,14.9,19.2,17.6,10.6,17.6,"11,435","67,588"
#D81B60,13129,Gordon County,Georgia,25.1,15.3,18.0,22.7,8.2,14.4,"10,375","63,076"
#FBC02D,37137,Pamlico County,North Carolina,25.1,10.4,12.6,15.8,9.6,29.1,"8,919","67,503"
#1976D2,18181,White County,Indiana,25.1,9.5,9.2,18.0,6.9,19.5,"9,444","66,551"
#388E3C,28097,Montgomery County,Mississippi,25.1,9.3,27.1,16.3,13.8,20.7,"12,504","53,705"
#1976D2,21213,Simpson County,Kentucky,25.0,5.4,15.6,18.8,9.5,16.4,"12,305","61,077"
#D81B60,13021,Bibb County,Georgia,25.0,12.9,24.9,22.2,13.5,15.2,"11,760","63,566"
#455A64,54079,Putnam County,West Virginia,25.0,5.8,9.8,22.7,7.3,17.9,"9,905","80,042"
#455A64,08071,Las Animas County,Colorado,25.0,8.5,18.5,10.3,10.3,23.7,"7,643","56,571"
#D81B60,13037,Calhoun County,Georgia,25.0,17.0,27.3,19.0,10.1,15.1,"12,161","47,870"
#E64A19,47175,Van Buren County,Tennessee,25.0,14.8,16.8,23.3,8.3,22.5,"9,818","52,846"
#1976D2,17115,Macon County,Illinois,25.0,4.5,17.0,21.4,10.0,19.4,"10,301","69,280"
#D81B60,01015,Calhoun County,Alabama,25.0,9.5,17.9,23.4,9.4,17.2,"11,297","63,417"
#D81B60,01047,Dallas County,Alabama,25.0,11.1,29.1,20.6,13.9,17.4,"10,982","47,753"
#1976D2,17183,Vermilion County,Illinois,25.0,5.7,18.9,18.3,10.8,18.7,"10,126","61,753"
#E64A19,47097,Lauderdale County,Tennessee,25.0,9.8,21.2,23.5,11.3,15.3,"11,717","50,842"
#FBC02D,37023,Burke County,North Carolina,25.0,12.1,18.1,17.5,8.8,19.7,"9,294","60,451"
#1976D2,21065,Estill County,Kentucky,24.9,6.5,30.9,19.2,8.6,18.6,"9,316","43,297"
#388E3C,28077,Lawrence County,Mississippi,24.9,12.1,18.6,22.5,11.3,17.5,"12,722","55,292"
#388E3C,29217,Vernon County,Missouri,24.9,14.5,14.8,15.6,6.6,18.7,"8,992","60,130"
#FBC02D,39071,Highland County,Ohio,24.9,8.5,19.4,20.0,7.6,18.0,"11,101","58,802"
#E64A19,40031,Comanche County,Oklahoma,24.9,13.1,16.1,21.1,7.9,12.2,"10,354","68,111"
#455A64,54103,Wetzel County,West Virginia,24.9,6.0,22.1,19.2,8.7,22.8,"9,703","55,125"
#D81B60,01093,Marion County,Alabama,24.9,8.7,17.5,21.7,9.6,21.1,"10,497","50,367"
#E64A19,40119,Payne County,Oklahoma,24.9,11.7,26.8,18.5,6.8,12.3,"10,541","61,957"
#1976D2,18023,Clinton County,Indiana,24.9,10.1,12.5,18.8,7.1,16.2,"9,589","64,131"
#455A64,51117,Mecklenburg County,Virginia,24.9,10.2,19.0,17.8,10.4,25.1,"8,947","59,946"
#1976D2,20059,Franklin County,Kansas,24.9,7.3,9.8,19.2,7.3,16.5,"10,148","67,613"
#1976D2,20209,Wyandotte County,Kansas,24.9,18.0,19.2,21.2,8.8,12.0,"12,107","58,379"
#FBC02D,05027,Columbia County,Arkansas,24.8,7.1,25.0,15.7,11.6,17.1,"9,827","54,263"
#1976D2,17003,Alexander County,Illinois,24.8,7.7,25.3,16.8,9.1,21.3,"9,741","46,981"
#E64A19,40153,Woodward County,Oklahoma,24.8,11.8,11.5,19.3,8.3,15.0,"10,369","77,153"
#455A64,54051,Marshall County,West Virginia,24.8,6.7,14.5,19.2,8.8,21.4,"10,537","63,073"
#455A64,51185,Tazewell County,Virginia,24.8,9.9,17.5,21.0,9.6,21.5,"8,850","57,165"
#455A64,54081,Raleigh County,West Virginia,24.8,6.8,18.6,22.0,10.3,20.0,"10,736","60,110"
#FBC02D,05061,Howard County,Arkansas,24.8,8.6,19.4,17.1,7.8,17.6,"10,998","57,580"
#E64A19,45079,Richland County,South Carolina,24.8,9.0,16.2,15.9,10.8,12.3,"9,791","76,280"
#D81B60,13283,Treutlen County,Georgia,24.7,20.2,27.5,23.2,12.0,20.7,"11,254","53,068"
#E64A19,47019,Carter County,Tennessee,24.7,12.1,22.1,20.7,9.2,21.2,"9,425","52,993"
#FBC02D,37129,New Hanover County,North Carolina,24.7,9.9,16.0,17.4,8.1,17.2,"9,167","79,148"
#D81B60,01103,Morgan County,Alabama,24.7,9.6,14.6,20.7,8.7,17.1,"10,748","68,318"
#D81B60,13255,Spalding County,Georgia,24.7,14.5,17.9,15.6,13.0,17.7,"9,652","63,580"
#388E3C,22011,Beauregard Parish,Louisiana,24.7,10.2,15.5,22.6,9.4,15.4,"11,600","67,685"
#D81B60,01007,Bibb County,Alabama,24.7,10.7,18.1,23.4,10.2,15.9,"10,836","60,182"
#E64A19,47139,Polk County,Tennessee,24.7,11.2,15.0,21.1,8.6,20.5,"9,544","60,185"
#1976D2,21203,Rockcastle County,Kentucky,24.6,4.6,20.0,21.4,9.9,17.8,"9,822","51,627"
#E64A19,47001,Anderson County,Tennessee,24.6,9.4,16.7,17.6,9.2,19.7,"10,008","68,841"
#455A64,54067,Nicholas County,West Virginia,24.6,5.8,18.3,18.0,9.6,21.8,"8,676","53,287"
#D81B60,13179,Liberty County,Georgia,24.6,11.2,15.9,16.5,9.0,8.8,"10,160","58,338"
#E64A19,40015,Caddo County,Oklahoma,24.6,17.3,18.9,20.2,8.1,16.3,"15,231","61,438"
#388E3C,28139,Tippah County,Mississippi,24.5,12.3,20.0,23.0,10.7,15.7,"11,069","51,144"
#FBC02D,39001,Adams County,Ohio,24.5,7.6,20.7,24.0,9.0,17.5,"11,639","56,865"
#E64A19,47057,Grainger County,Tennessee,24.5,9.9,18.1,19.2,9.3,20.2,"9,359","58,672"
#1976D2,20055,Finney County,Kansas,24.5,12.6,12.3,16.5,8.1,10.6,"9,258","70,722"
#455A64,51595,Emporia city,Virginia,24.5,13.9,27.0,19.6,9.8,16.8,"10,756","46,692"
#388E3C,22077,Pointe Coupee Parish,Louisiana,24.5,9.4,20.9,21.2,10.0,20.2,"11,326","66,680"
#E64A19,47117,Marshall County,Tennessee,24.5,7.5,14.0,17.9,9.0,15.7,"10,947","65,012"
#FBC02D,05121,Randolph County,Arkansas,24.4,7.3,18.8,16.9,7.6,19.9,"10,595","54,318"
#D81B60,01021,Chilton County,Alabama,24.4,13.0,19.1,23.1,8.6,16.0,"10,897","62,784"
#FBC02D,05037,Cross County,Arkansas,24.4,7.7,15.4,15.7,10.6,18.3,"10,615","63,421"
#D81B60,13321,Worth County,Georgia,24.4,18.4,19.0,19.6,13.0,18.8,"10,203","61,666"
#1976D2,18175,Washington County,Indiana,24.4,8.8,11.9,21.3,7.0,16.7,"9,888","61,872"
#E64A19,47059,Greene County,Tennessee,24.4,9.4,16.7,17.2,8.5,21.2,"9,552","60,501"
#1976D2,20129,Morton County,Kansas,24.4,16.0,10.2,14.9,7.6,21.0,"10,285","60,608"
#388E3C,22041,Franklin Parish,Louisiana,24.4,10.1,29.0,22.7,13.3,17.7,"13,970","50,029"
#E64A19,40097,Mayes County,Oklahoma,24.4,15.4,18.1,20.5,8.4,18.2,"11,300","62,056"
#E64A19,45035,Dorchester County,South Carolina,24.4,9.4,12.1,16.6,8.2,13.5,"10,430","79,605"
#E64A19,47089,Jefferson County,Tennessee,24.4,10.2,13.2,19.8,8.6,19.6,"9,591","65,086"
#388E3C,22061,Lincoln Parish,Louisiana,24.4,8.6,30.3,15.5,11.0,13.4,"12,571","58,164"
#E64A19,47045,Dyer County,Tennessee,24.4,9.2,18.6,24.4,10.9,17.2,"11,638","67,860"
#D81B60,13271,Telfair County,Georgia,24.4,9.8,28.9,22.6,11.6,17.5,"12,109","51,004"
#FBC02D,37171,Surry County,North Carolina,24.4,12.2,16.4,21.4,8.8,20.1,"10,082","61,976"
#388E3C,22113,Vermilion Parish,Louisiana,24.3,9.2,17.6,20.9,10.1,15.0,"11,700","66,097"
#D81B60,13127,Glynn County,Georgia,24.3,14.1,18.1,14.6,12.1,19.7,"10,174","81,578"
#E64A19,40051,Grady County,Oklahoma,24.3,11.5,11.5,20.6,8.2,15.9,"11,174","79,857"
#FBC02D,05069,Jefferson County,Arkansas,24.3,6.8,22.2,18.9,12.9,16.8,"10,580","54,417"
#D81B60,13087,Decatur County,Georgia,24.3,18.4,24.3,16.6,12.1,16.0,"9,726","56,046"
#388E3C,29149,Oregon County,Missouri,24.3,17.1,23.8,16.2,9.7,23.2,"8,003","43,846"
#E64A19,40037,Creek County,Oklahoma,24.3,12.1,15.0,19.3,7.6,17.4,"11,313","66,802"
#455A64,51077,Grayson County,Virginia,24.3,11.1,20.9,14.7,6.9,24.0,"9,064","50,190"
#388E3C,28065,Jefferson Davis County,Mississippi,24.3,14.2,24.9,23.8,15.3,21.8,"12,533","47,792"
#FBC02D,05065,Izard County,Arkansas,24.2,6.2,15.1,16.5,7.6,25.0,"10,203","54,216"
#388E3C,29085,Hickory County,Missouri,24.2,15.5,17.3,16.9,10.0,33.5,"9,187","43,912"
#FBC02D,37077,Granville County,North Carolina,24.2,8.8,14.3,15.6,9.4,16.6,"9,224","71,297"
#FBC02D,37095,Hyde County,North Carolina,24.2,17.4,24.3,13.3,6.9,19.4,"7,183","48,430"
#388E3C,29139,Montgomery County,Missouri,24.2,9.2,16.3,18.3,7.1,20.4,"9,929","57,597"
#D81B60,13237,Putnam County,Georgia,24.1,14.0,16.1,18.8,9.3,23.5,"9,639","76,143"
#455A64,48335,Mitchell County,Texas,24.1,18.1,11.3,19.2,10.4,15.4,"12,837","73,526"
#E64A19,47025,Claiborne County,Tennessee,24.1,7.6,22.4,19.9,9.5,19.4,"9,742","50,667"
#455A64,48115,Dawson County,Texas,24.1,16.6,25.9,19.1,9.8,14.7,"11,408","61,585"
#D81B60,12121,Suwannee County,Florida,24.1,13.9,14.9,20.3,9.5,20.5,"10,434","61,690"
#388E3C,28149,Warren County,Mississippi,24.1,11.9,20.6,17.9,13.4,16.1,"12,004","63,019"
#455A64,54107,Wood County,West Virginia,24.0,5.5,16.8,22.3,9.3,19.9,"10,974","65,002"
#1976D2,17029,Coles County,Illinois,24.0,6.1,20.8,22.0,7.6,16.5,"10,461","66,458"
#D81B60,13229,Pierce County,Georgia,24.0,15.8,22.1,21.2,9.3,16.8,"10,717","59,010"
#455A64,51073,Gloucester County,Virginia,24.0,6.7,8.8,17.6,7.9,18.6,"9,201","83,482"
#455A64,51027,Buchanan County,Virginia,24.0,12.4,28.4,18.6,8.4,21.4,"8,918","45,295"
#D81B60,13025,Brantley County,Georgia,23.9,14.7,19.6,19.8,9.5,16.0,"10,201","51,349"
#388E3C,23025,Somerset County,Maine,23.9,9.4,20.4,15.1,7.6,20.7,"9,095","56,316"
#E64A19,47015,Cannon County,Tennessee,23.9,9.8,15.8,20.5,8.8,18.4,"10,038","65,733"
#455A64,51197,Wythe County,Virginia,23.9,8.8,14.8,18.2,8.0,20.7,"9,561","64,960"
#1976D2,21041,Carroll County,Kentucky,23.9,9.3,24.1,22.7,8.4,15.1,"10,118","63,333"
#388E3C,22045,Iberia Parish,Louisiana,23.9,11.1,22.1,19.7,11.0,14.5,"11,640","61,590"
#455A64,48481,Wharton County,Texas,23.9,18.8,17.6,21.9,9.3,16.6,"13,195","67,704"
#1976D2,21109,Jackson County,Kentucky,23.9,4.6,32.0,19.9,10.1,17.0,"9,141","45,258"
#388E3C,29510,St. Louis city,Missouri,23.9,10.8,21.8,21.9,12.7,13.1,"12,004","64,089"
#455A64,51193,Westmoreland County,Virginia,23.9,11.8,14.9,16.4,10.7,24.8,"9,004","75,030"
#455A64,54003,Berkeley County,West Virginia,23.8,6.2,12.2,17.9,8.1,14.5,"8,581","75,914"
#D81B60,13175,Laurens County,Georgia,23.8,11.4,27.1,22.5,10.7,17.2,"10,459","56,190"
#E64A19,47145,Roane County,Tennessee,23.8,7.8,13.8,18.2,9.1,22.2,"9,868","73,148"
#455A64,48035,Bosque County,Texas,23.8,17.3,15.8,16.1,6.3,24.6,"9,451","67,280"
#388E3C,04009,Graham County,Arizona,23.8,6.9,22.6,10.6,8.0,13.7,"7,763","60,143"
#455A64,48051,Burleson County,Texas,23.8,15.2,11.8,18.2,8.7,20.4,"12,111","75,799"
#D81B60,13159,Jasper County,Georgia,23.8,12.2,15.5,16.5,8.4,17.5,"9,236","60,275"
#D81B60,01053,Escambia County,Alabama,23.8,14.2,22.2,21.4,9.6,17.7,"11,428","50,242"
#1976D2,21223,Trimble County,Kentucky,23.8,5.7,17.3,19.1,8.0,17.1,"9,640","65,931"
#455A64,54085,Ritchie County,West Virginia,23.8,8.7,18.3,23.9,7.6,22.9,"9,862","59,849"
#388E3C,23023,Sagadahoc County,Maine,23.7,6.5,9.6,10.6,6.5,21.8,"8,215","76,602"
#388E3C,28159,Winston County,Mississippi,23.7,13.1,23.1,16.8,13.7,20.0,"11,709","57,737"
#E64A19,47177,Warren County,Tennessee,23.7,12.8,21.7,23.8,8.6,17.2,"10,400","56,764"
#455A64,48381,Randall County,Texas,23.7,9.5,8.5,17.5,7.6,14.7,"10,600","87,396"
#D81B60,01085,Lowndes County,Alabama,23.7,8.8,26.8,18.5,13.6,18.4,"11,452","47,139"
#E64A19,45055,Kershaw County,South Carolina,23.7,10.5,14.9,17.6,9.1,18.0,"9,757","63,699"
#D81B60,13015,Bartow County,Georgia,23.7,14.9,14.0,21.5,7.8,13.7,"10,955","71,769"
#1976D2,21057,Cumberland County,Kentucky,23.7,10.0,21.4,25.4,8.1,21.5,"11,570","44,638"
#1976D2,21159,Martin County,Kentucky,23.7,6.2,20.0,22.3,11.6,15.7,"9,415","49,051"
#D81B60,13011,Banks County,Georgia,23.7,15.3,13.3,20.0,7.4,16.5,"9,651","56,327"
#455A64,48199,Hardin County,Texas,23.7,14.2,12.1,26.1,8.7,16.5,"12,068","80,698"
#FBC02D,05049,Fulton County,Arkansas,23.6,12.1,20.7,17.3,6.7,25.5,"10,022","47,206"
#455A64,48117,Deaf Smith County,Texas,23.6,19.7,16.2,16.4,7.1,12.5,"9,817","62,666"
#455A64,51191,Washington County,Virginia,23.6,9.3,14.6,17.5,8.9,22.2,"9,200","64,735"
#FBC02D,35051,Sierra County,New Mexico,23.6,5.3,26.7,11.6,8.1,35.5,"8,790","49,509"
#455A64,48169,Garza County,Texas,23.6,14.9,19.7,19.7,9.2,13.7,"12,559","72,314"
#455A64,54053,Mason County,West Virginia,23.6,4.7,15.9,23.7,9.9,20.4,"10,070","59,868"
#1976D2,20207,Woodson County,Kansas,23.5,13.1,19.6,14.8,5.3,24.4,"10,600","51,321"
#455A64,48359,Oldham County,Texas,23.5,10.4,9.1,16.0,6.9,14.8,"9,212","84,947"
#D81B60,12005,Bay County,Florida,23.5,13.1,14.6,22.8,8.4,17.0,"11,493","71,507"
#388E3C,22097,St. Landry Parish,Louisiana,23.5,10.0,26.2,24.7,11.0,15.8,"12,921","54,740"
#FBC02D,37185,Warren County,North Carolina,23.5,12.7,19.8,16.8,11.6,24.6,"9,125","54,251"
#FBC02D,35029,Luna County,New Mexico,23.5,8.6,27.7,11.7,7.8,20.5,"8,032","43,116"
#D81B60,01029,Cleburne County,Alabama,23.5,12.3,17.3,20.7,8.0,19.4,"10,380","57,990"
#455A64,56027,Niobrara County,Wyoming,23.5,14.4,20.1,9.2,,22.8,"10,622","54,980"
#D81B60,12093,Okeechobee County,Florida,23.5,16.1,21.0,33.1,7.3,19.8,"12,404","58,238"
#D81B60,12125,Union County,Florida,23.4,10.8,20.8,22.9,10.4,15.0,"12,359","64,521"
#455A64,56013,Fremont County,Wyoming,23.4,18.3,13.0,7.2,8.8,17.9,"7,900","73,599"
#D81B60,13183,Long County,Georgia,23.4,15.4,18.9,20.0,9.0,9.1,"10,628","63,440"
#FBC02D,37033,Caswell County,North Carolina,23.4,7.4,18.1,20.5,10.1,20.7,"10,291","58,897"
#E64A19,40069,Johnston County,Oklahoma,23.4,16.7,20.9,22.8,9.2,19.1,"13,025","53,245"
#FBC02D,39015,Brown County,Ohio,23.4,7.8,15.3,20.8,7.6,18.1,"11,120","65,895"
#E64A19,40007,Beaver County,Oklahoma,23.4,13.5,11.4,16.5,6.9,18.7,"9,929","64,587"
#E64A19,40011,Blaine County,Oklahoma,23.4,12.0,12.2,18.0,7.2,18.1,"10,798","65,633"
#455A64,48309,McLennan County,Texas,23.4,14.5,19.2,18.6,8.4,14.1,"10,438","69,146"
#455A64,48007,Aransas County,Texas,23.4,20.0,21.3,18.6,9.7,27.4,"9,664","75,855"
#388E3C,28151,Washington County,Mississippi,23.4,15.7,33.9,14.9,13.8,15.4,"11,058","49,835"
#388E3C,22007,Assumption Parish,Louisiana,23.3,8.4,19.2,21.4,10.8,17.4,"10,963","63,643"
#388E3C,04012,La Paz County,Arizona,23.3,14.7,22.4,14.0,6.4,38.6,"9,857","48,900"
#FBC02D,37027,Caldwell County,North Carolina,23.3,12.3,15.1,19.4,9.9,19.3,"9,808","58,083"
#388E3C,28087,Lowndes County,Mississippi,23.3,12.0,20.4,19.0,11.2,15.5,"10,602","65,188"
#D81B60,12049,Hardee County,Florida,23.3,11.7,24.1,27.4,7.3,15.8,"11,225","53,433"
#388E3C,29017,Bollinger County,Missouri,23.3,11.6,15.2,16.4,7.0,19.6,"9,425","53,816"
#1976D2,20125,Montgomery County,Kansas,23.3,11.9,18.7,14.7,7.6,19.2,"9,975","58,538"
#1976D2,20057,Ford County,Kansas,23.3,14.2,14.5,19.2,6.6,10.6,"8,495","66,956"
#455A64,51111,Lunenburg County,Virginia,23.3,10.7,16.4,19.3,14.3,21.5,"10,433","53,065"
#455A64,51005,Alleghany County,Virginia,23.2,6.5,19.7,19.3,7.8,23.8,"9,356","62,034"
#388E3C,29167,Polk County,Missouri,23.2,13.3,16.5,18.9,5.9,17.8,"9,778","60,004"
#E64A19,40089,McCurtain County,Oklahoma,23.2,22.2,22.7,28.1,7.8,17.7,"11,362","52,076"
#1976D2,20029,Cloud County,Kansas,23.2,9.5,11.4,13.2,5.6,21.0,"9,711","62,840"
#388E3C,28105,Oktibbeha County,Mississippi,23.2,9.4,30.1,14.0,11.4,11.0,"10,614","59,862"
#455A64,51770,Roanoke city,Virginia,23.2,10.8,20.8,18.4,10.2,16.1,"10,051","60,914"
#455A64,48069,Castro County,Texas,23.2,23.5,13.7,14.8,7.4,15.2,"12,302","62,964"
#1976D2,17173,Shelby County,Illinois,23.1,3.9,10.8,18.6,7.2,22.1,"9,808","63,460"
#388E3C,22015,Bossier Parish,Louisiana,23.1,8.5,17.2,21.6,10.7,13.8,"12,205","71,481"
#1976D2,20009,Barton County,Kansas,23.1,11.7,15.4,14.3,7.0,18.8,"10,233","65,225"
#FBC02D,39023,Clark County,Ohio,23.1,6.3,14.9,20.4,9.0,19.0,"10,413","65,280"
#D81B60,13215,Muscogee County,Georgia,23.1,11.5,20.7,22.9,11.7,13.0,"10,510","65,942"
#455A64,48405,San Augustine County,Texas,23.1,14.8,24.8,25.1,9.8,26.4,"11,650","55,320"
#455A64,51093,Isle of Wight County,Virginia,23.1,6.4,10.5,16.3,7.9,18.6,"9,428","91,535"
#1976D2,18025,Crawford County,Indiana,23.1,6.7,17.9,17.9,9.8,19.2,"9,718","55,598"
#455A64,51183,Sussex County,Virginia,23.1,10.0,13.1,19.3,12.2,17.3,"10,540","60,202"
#D81B60,12029,Dixie County,Florida,23.1,16.2,21.2,22.0,9.9,22.7,"10,805","56,035"
#FBC02D,05107,Phillips County,Arkansas,23.1,8.4,34.5,15.5,12.7,18.1,"9,391","44,558"
#388E3C,26033,Chippewa County,Michigan,23.1,6.5,18.4,15.6,6.0,17.7,"8,632","63,371"
#E64A19,47055,Giles County,Tennessee,23.1,9.3,14.8,22.1,9.6,19.8,"10,888","62,057"
#455A64,51169,Scott County,Virginia,23.0,9.5,15.5,21.8,7.5,23.5,"8,751","53,469"
#FBC02D,05013,Calhoun County,Arkansas,23.0,9.3,13.4,16.1,9.5,21.2,"9,244","58,285"
#E64A19,47011,Bradley County,Tennessee,23.0,11.1,16.0,20.7,8.7,16.8,"10,667","68,649"
#D81B60,13097,Douglas County,Georgia,23.0,12.9,12.8,19.1,9.7,11.4,"11,684","77,559"
#455A64,48221,Hood County,Texas,23.0,14.9,9.7,18.7,7.0,24.7,"10,684","89,286"
#1976D2,21085,Grayson County,Kentucky,23.0,5.0,25.4,22.3,8.6,17.2,"10,424","52,937"
#FBC02D,37109,Lincoln County,North Carolina,23.0,8.8,12.1,18.1,8.2,17.0,"9,964","79,460"
#D81B60,13167,Johnson County,Georgia,23.0,13.9,22.6,24.5,9.9,18.1,"10,579","50,557"
#FBC02D,39065,Hardin County,Ohio,23.0,10.6,13.9,20.6,7.5,15.6,"10,025","61,739"
#FBC02D,35009,Curry County,New Mexico,22.9,10.5,20.9,20.0,8.3,12.2,"9,689","59,084"
#FBC02D,39131,Pike County,Ohio,22.9,7.1,18.7,26.3,8.9,17.6,"10,928","62,297"
#E64A19,45015,Berkeley County,South Carolina,22.9,10.8,11.9,17.4,8.7,13.4,"9,880","79,276"
#388E3C,23011,Kennebec County,Maine,22.9,7.4,12.8,12.9,6.7,19.4,"8,604","70,956"
#388E3C,28011,Bolivar County,Mississippi,22.9,14.3,35.0,21.2,14.1,15.0,"13,022","47,724"
#455A64,48139,Ellis County,Texas,22.9,15.1,8.8,19.4,7.5,12.6,"11,165","96,100"
#D81B60,01033,Colbert County,Alabama,22.9,7.2,15.5,22.5,10.6,19.4,"11,300","60,904"
#FBC02D,39021,Champaign County,Ohio,22.9,4.7,10.1,18.8,6.8,18.1,"10,219","69,841"
#455A64,55078,Menominee County,Wisconsin,22.9,24.8,35.3,14.4,6.9,13.0,"9,116","63,344"
#FBC02D,37123,Montgomery County,North Carolina,22.9,13.2,17.7,21.2,10.5,19.7,"10,310","62,773"
#455A64,48403,Sabine County,Texas,22.9,12.5,20.1,20.6,7.9,30.5,"11,264","57,482"
#D81B60,01071,Jackson County,Alabama,22.9,9.5,18.6,22.6,9.0,19.5,"11,120","54,808"
#D81B60,01099,Monroe County,Alabama,22.9,11.4,27.9,16.1,11.6,19.3,"10,617","48,659"
#E64A19,40077,Latimer County,Oklahoma,22.9,20.1,18.6,20.5,7.2,21.1,"11,994","61,059"
#455A64,48391,Refugio County,Texas,22.9,15.9,16.5,22.7,8.2,21.6,"13,349","61,935"
#455A64,48503,Young County,Texas,22.9,19.4,12.3,21.5,4.5,20.4,"13,513","67,391"
#1976D2,19179,Wapello County,Iowa,22.8,5.8,14.9,18.2,7.0,17.4,"9,291","62,750"
#388E3C,28145,Union County,Mississippi,22.8,10.8,15.1,19.6,10.3,16.4,"9,908","58,050"
#1976D2,21053,Clinton County,Kentucky,22.8,8.6,24.1,18.9,9.6,19.1,"10,304","50,852"
#D81B60,12031,Duval County,Florida,22.8,11.8,14.5,23.1,9.9,13.7,"12,181","77,522"
#E64A19,47103,Lincoln County,Tennessee,22.8,8.4,14.7,18.1,8.2,18.9,"10,571","66,693"
#FBC02D,05011,Bradley County,Arkansas,22.8,11.0,20.5,19.6,10.2,18.3,"11,230","56,779"
#388E3C,29125,Maries County,Missouri,22.8,12.5,17.0,19.6,6.5,21.3,"9,204","62,778"
#455A64,51790,Staunton city,Virginia,22.8,9.8,11.1,17.9,9.1,21.0,"9,413","69,203"
#E64A19,45045,Greenville County,South Carolina,22.8,10.8,11.5,16.0,8.3,15.4,"9,024","82,940"
#FBC02D,05077,Lee County,Arkansas,22.8,7.2,22.1,16.1,12.4,18.8,"8,943","45,765"
#E64A19,47077,Henderson County,Tennessee,22.8,8.7,18.8,22.2,9.9,17.9,"10,616","56,861"
#1976D2,20165,Rush County,Kansas,22.7,5.4,10.3,18.0,8.5,24.9,"10,566","56,665"
#388E3C,29045,Clark County,Missouri,22.7,14.1,15.0,20.1,6.5,20.6,"10,159","65,020"
#E64A19,40085,Love County,Oklahoma,22.7,14.4,15.0,18.8,9.5,19.3,"12,039","61,351"
#E64A19,40087,McClain County,Oklahoma,22.7,11.7,7.8,19.1,7.4,15.2,"10,366","86,131"
#FBC02D,37105,Lee County,North Carolina,22.7,13.9,16.1,18.9,9.9,16.1,"9,575","66,437"
#455A64,48493,Wilson County,Texas,22.7,12.9,9.6,17.7,7.3,15.4,"9,771","96,088"
#D81B60,13147,Hart County,Georgia,22.7,12.1,15.1,17.2,9.5,21.8,"9,777","58,702"
#1976D2,20107,Linn County,Kansas,22.7,10.4,16.3,15.5,5.9,22.1,"9,629","62,040"
#D81B60,13105,Elbert County,Georgia,22.6,13.2,21.3,19.1,10.1,20.3,"9,290","53,908"
#1976D2,20019,Chautauqua County,Kansas,22.6,12.8,18.5,16.0,7.2,26.1,"9,179","52,464"
#388E3C,29007,Audrain County,Missouri,22.6,10.8,15.1,17.4,8.9,17.3,"9,497","61,557"
#455A64,48341,Moore County,Texas,22.6,17.3,12.8,21.3,7.7,10.7,"11,447","67,850"
#D81B60,01105,Perry County,Alabama,22.6,9.3,30.8,22.8,14.7,19.1,"10,635","35,819"
#388E3C,29113,Lincoln County,Missouri,22.6,7.8,11.0,23.3,7.7,13.3,"11,347","74,375"
#D81B60,01035,Conecuh County,Alabama,22.6,12.7,17.6,23.0,13.7,22.2,"10,720","47,286"
#1976D2,21201,Robertson County,Kentucky,22.6,7.9,27.1,16.5,10.8,21.5,"8,672","53,601"
#388E3C,22001,Acadia Parish,Louisiana,22.6,10.6,24.2,24.1,9.1,14.9,"11,939","61,465"
#FBC02D,37057,Davidson County,North Carolina,22.6,11.3,15.4,19.1,9.6,17.8,"10,316","63,983"
#1976D2,18097,Marion County,Indiana,22.6,10.5,17.8,20.0,9.3,12.3,"10,735","68,914"
#1976D2,21003,Allen County,Kentucky,22.6,7.0,18.7,20.0,10.7,17.3,"10,565","57,154"
#388E3C,24001,Allegany County,Maryland,22.6,4.8,16.5,23.5,8.9,19.8,"10,430","59,335"
#455A64,48099,Coryell County,Texas,22.6,10.7,12.9,19.6,8.7,9.8,"9,955","66,325"
#388E3C,26023,Branch County,Michigan,22.5,10.4,15.8,15.9,6.8,18.2,"8,464","64,845"
#FBC02D,37101,Johnston County,North Carolina,22.5,12.0,12.5,22.5,8.4,13.0,"10,298","75,663"
#455A64,48373,Polk County,Texas,22.5,18.2,18.2,16.8,7.3,18.5,"9,541","65,557"
#455A64,48113,Dallas County,Texas,22.5,21.0,15.4,20.5,8.5,10.5,"12,239","88,716"
#FBC02D,05099,Nevada County,Arkansas,22.5,9.4,23.1,13.1,10.4,20.3,"9,946","45,948"
#E64A19,47073,Hawkins County,Tennessee,22.5,8.9,19.1,19.5,8.4,20.6,"9,233","57,760"
#1976D2,18019,Clark County,Indiana,22.5,7.2,10.1,20.7,8.4,15.4,"11,368","72,734"
#1976D2,21011,Bath County,Kentucky,22.5,5.6,20.4,24.6,8.2,16.2,"9,492","57,056"
#FBC02D,05115,Pope County,Arkansas,22.5,8.6,18.8,17.0,8.0,15.3,"9,588","61,268"
#1976D2,18145,Shelby County,Indiana,22.5,6.9,11.3,21.9,6.9,16.7,"10,460","73,073"
#1976D2,20067,Grant County,Kansas,22.5,15.3,11.5,13.0,7.5,12.9,"8,878","70,072"
#D81B60,13039,Camden County,Georgia,22.4,12.2,15.5,16.6,7.8,12.7,"10,204","76,395"
#1976D2,20167,Russell County,Kansas,22.4,10.3,11.1,16.1,5.2,23.6,"11,369","60,152"
#1976D2,21075,Fulton County,Kentucky,22.4,5.3,28.2,21.5,10.2,20.1,"11,528","41,296"
#388E3C,22063,Livingston Parish,Louisiana,22.4,8.6,12.4,20.5,8.2,12.9,"11,404","80,470"
#FBC02D,32027,Pershing County,Nevada,22.4,11.8,12.0,15.2,7.1,15.7,"9,200","60,380"
#E64A19,47085,Humphreys County,Tennessee,22.4,7.7,15.6,20.8,9.1,19.3,"11,183","61,050"
#D81B60,01039,Covington County,Alabama,22.4,11.1,18.6,27.1,10.3,20.8,"11,901","57,075"
#E64A19,47067,Hancock County,Tennessee,22.4,10.8,28.6,22.1,9.2,20.5,"11,644","55,923"
#455A64,54093,Tucker County,West Virginia,22.4,4.9,12.5,18.8,9.1,25.3,"8,526","56,185"
#D81B60,13171,Lamar County,Georgia,22.4,12.6,18.6,14.1,12.1,16.7,"9,778","58,828"
#FBC02D,05139,Union County,Arkansas,22.4,7.5,19.1,17.2,10.5,17.2,"9,770","61,326"
#455A64,51051,Dickenson County,Virginia,22.4,9.1,25.7,25.0,8.1,21.4,"9,986","57,700"
#D81B60,13261,Sumter County,Georgia,22.4,11.9,27.1,18.7,13.3,16.7,"10,666","53,060"
#FBC02D,37169,Stokes County,North Carolina,22.4,11.2,13.8,19.0,8.4,20.3,"10,070","60,769"
#388E3C,29055,Crawford County,Missouri,22.3,16.5,18.5,23.0,8.9,19.2,"10,300","54,332"
#E64A19,47163,Sullivan County,Tennessee,22.3,8.4,15.9,18.6,8.3,21.5,"9,374","66,012"
#D81B60,01095,Marshall County,Alabama,22.3,12.3,20.3,21.8,8.2,16.8,"10,745","63,834"
#E64A19,40101,Muskogee County,Oklahoma,22.3,16.5,21.1,22.9,8.0,16.4,"12,270","60,950"
#1976D2,19007,Appanoose County,Iowa,22.3,7.8,17.7,17.3,8.4,22.7,"10,377","58,551"
#388E3C,22095,St. John the Baptist Parish,Louisiana,22.3,10.5,17.4,17.8,12.3,13.7,"11,029","70,802"
#455A64,56037,Sweetwater County,Wyoming,22.3,11.3,11.5,9.6,10.1,11.4,"8,116","85,346"
#388E3C,22109,Terrebonne Parish,Louisiana,22.3,11.1,20.6,21.6,9.4,13.9,"11,172","69,122"
#455A64,48275,Knox County,Texas,22.3,16.8,15.0,21.0,7.7,18.3,"11,604","60,846"
#E64A19,40035,Craig County,Oklahoma,22.3,14.9,18.6,19.2,7.6,19.6,"10,939","54,789"
#D81B60,13185,Lowndes County,Georgia,22.2,14.9,24.4,21.0,10.6,11.9,"10,223","61,180"
#D81B60,13035,Butts County,Georgia,22.2,11.0,21.6,17.0,10.2,15.4,"10,191","72,157"
#388E3C,28137,Tate County,Mississippi,22.2,12.2,18.1,20.9,9.9,16.1,"11,157","64,146"
#D81B60,01019,Cherokee County,Alabama,22.2,8.6,13.9,22.9,8.5,22.4,"10,417","57,617"
#E64A19,40041,Delaware County,Oklahoma,22.2,18.8,18.3,18.9,7.7,24.4,"10,585","58,241"
#388E3C,28001,Adams County,Mississippi,22.2,15.1,31.5,21.1,13.1,18.3,"12,592","46,879"
#E64A19,47181,Wayne County,Tennessee,22.2,12.0,18.0,19.0,8.0,18.7,"10,706","54,652"
#D81B60,01065,Hale County,Alabama,22.2,9.5,24.2,20.0,12.2,18.8,"10,390","51,992"
#455A64,48061,Cameron County,Texas,22.2,28.4,28.9,28.4,8.3,13.2,"12,333","55,520"
#455A64,48123,DeWitt County,Texas,22.2,14.2,16.0,21.3,8.2,19.4,"12,234","82,821"
#455A64,54025,Greenbrier County,West Virginia,22.2,5.1,16.0,21.4,8.7,22.6,"9,173","55,104"
#1976D2,18045,Fountain County,Indiana,22.1,7.9,11.1,20.4,7.0,19.5,"10,374","67,826"
#1976D2,21013,Bell County,Kentucky,22.1,5.3,35.5,21.8,10.2,18.6,"9,859","37,783"
#E64A19,45065,McCormick County,South Carolina,22.1,6.3,15.4,12.3,10.9,33.4,"8,453","59,965"
#1976D2,18133,Putnam County,Indiana,22.1,5.9,11.3,19.0,7.1,16.4,"10,180","71,447"
#455A64,51530,Buena Vista city,Virginia,22.1,11.0,25.5,16.9,7.1,18.4,"8,941","55,417"
#1976D2,18053,Grant County,Indiana,22.1,8.6,18.0,23.3,10.0,18.7,"10,588","56,890"
#D81B60,01061,Geneva County,Alabama,22.1,12.6,22.0,22.8,7.8,20.0,"10,686","53,077"
#455A64,54061,Monongalia County,West Virginia,22.1,4.8,20.8,23.7,8.0,12.2,"10,605","79,774"
#1976D2,17157,Randolph County,Illinois,22.1,5.2,12.7,18.4,7.5,18.5,"10,631","70,079"
#455A64,48321,Matagorda County,Texas,22.1,17.9,18.9,24.8,8.4,16.3,"12,857","64,806"
#E64A19,47009,Blount County,Tennessee,22.1,8.7,11.1,17.9,7.9,20.0,"10,023","75,873"
#FBC02D,05147,Woodruff County,Arkansas,22.1,6.0,25.2,20.4,7.3,22.7,"10,281","51,320"
#455A64,51139,Page County,Virginia,22.1,12.2,15.1,17.1,7.5,20.9,"9,537","62,028"
#388E3C,28157,Wilkinson County,Mississippi,22.0,13.3,34.7,20.8,13.2,16.9,"11,757","41,858"
#D81B60,13273,Terrell County,Georgia,22.0,16.7,32.4,18.4,12.3,18.8,"10,339","50,725"
#D81B60,12097,Osceola County,Florida,22.0,14.5,14.8,24.8,8.1,13.0,"12,006","66,856"
#455A64,48187,Guadalupe County,Texas,22.0,11.7,9.1,17.4,8.0,13.6,"10,707","89,402"
#D81B60,13119,Franklin County,Georgia,22.0,14.7,22.9,22.7,8.9,19.3,"10,111","59,091"
#455A64,56025,Natrona County,Wyoming,22.0,13.3,9.4,10.7,9.6,14.4,"9,178","80,679"
#388E3C,29033,Carroll County,Missouri,22.0,11.5,14.5,13.3,7.6,21.4,"11,298","62,887"
#FBC02D,37085,Harnett County,North Carolina,22.0,11.2,15.8,22.6,8.6,12.2,"10,753","64,988"
#455A64,48043,Brewster County,Texas,22.0,16.0,14.0,8.7,5.8,22.4,"6,661","63,082"
#E64A19,47017,Carroll County,Tennessee,22.0,9.1,18.6,22.6,7.7,19.9,"10,922","55,465"
#388E3C,22079,Rapides Parish,Louisiana,22.0,9.9,19.6,21.4,11.4,15.9,"11,394","66,728"
#455A64,48111,Dallam County,Texas,21.9,30.6,12.3,15.1,6.6,10.7,"10,643","83,942"
#D81B60,13217,Newton County,Georgia,21.9,13.0,15.5,19.4,10.0,12.7,"10,950","71,820"
#455A64,51119,Middlesex County,Virginia,21.9,9.0,10.0,15.4,8.7,31.1,"8,611","70,255"
#455A64,48193,Hamilton County,Texas,21.9,16.4,17.3,18.1,6.9,24.5,"10,309","70,739"
#388E3C,22033,East Baton Rouge Parish,Louisiana,21.8,8.5,18.0,17.9,11.7,13.7,"11,918","82,340"
#FBC02D,37145,Person County,North Carolina,21.8,8.7,16.1,18.1,9.8,19.0,"9,737","64,737"
#1976D2,17081,Jefferson County,Illinois,21.8,5.9,17.0,20.1,9.5,18.6,"10,172","66,359"
#455A64,48209,Hays County,Texas,21.8,13.4,13.7,15.1,7.2,10.7,"10,260","89,611"
#FBC02D,37025,Cabarrus County,North Carolina,21.8,7.7,10.2,16.9,8.6,13.0,"10,065","88,147"
#455A64,51049,Cumberland County,Virginia,21.8,12.6,17.8,17.2,10.3,21.9,"10,634","59,889"
#E64A19,40027,Cleveland County,Oklahoma,21.8,9.5,12.0,20.1,7.4,13.0,"10,641","81,154"
#1976D2,18033,DeKalb County,Indiana,21.8,7.8,11.3,13.6,6.8,15.8,"9,578","72,425"
#388E3C,29095,Jackson County,Missouri,21.8,11.2,14.7,18.7,9.2,14.6,"11,375","74,788"
#388E3C,29111,Lewis County,Missouri,21.7,9.8,18.6,16.7,9.9,18.4,"10,209","57,940"
#1976D2,16073,Owyhee County,Idaho,21.7,21.6,16.1,10.8,7.5,18.0,"7,656","60,798"
#388E3C,22121,West Baton Rouge Parish,Louisiana,21.7,8.2,12.5,21.3,11.2,13.3,"11,661","79,390"
#E64A19,40143,Tulsa County,Oklahoma,21.7,14.0,15.0,18.9,8.3,14.0,"11,055","79,911"
#455A64,48451,Tom Green County,Texas,21.7,13.7,13.5,22.4,8.4,15.1,"10,966","75,019"
#1976D2,20181,Sherman County,Kansas,21.7,9.1,11.5,13.4,7.8,18.8,"11,886","65,466"
#388E3C,26059,Hillsdale County,Michigan,21.7,6.6,16.2,19.5,6.3,19.1,"8,690","63,636"
#D81B60,13313,Whitfield County,Georgia,21.7,16.6,15.9,20.1,7.9,13.7,"9,248","66,969"
#455A64,48325,Medina County,Texas,21.7,14.0,11.3,17.4,8.2,16.5,"11,145","82,279"
#1976D2,21061,Edmonson County,Kentucky,21.7,6.3,18.2,23.7,6.4,20.2,"10,645","52,578"
#E64A19,47101,Lewis County,Tennessee,21.7,10.3,19.5,15.8,8.7,20.5,"9,685","52,710"
#1976D2,20205,Wilson County,Kansas,21.7,7.0,14.1,21.2,6.9,21.0,"10,729","65,716"
#E64A19,47111,Macon County,Tennessee,21.6,11.0,17.3,25.1,9.5,15.7,"11,351","57,564"
#455A64,48399,Runnels County,Texas,21.6,13.6,15.3,22.1,7.0,20.6,"13,189","61,133"
#D81B60,13285,Troup County,Georgia,21.6,11.8,21.3,19.9,11.1,14.5,"10,871","60,945"
#E64A19,47039,Decatur County,Tennessee,21.6,9.1,17.6,23.2,8.2,23.4,"9,984","58,074"
#E64A19,40093,Major County,Oklahoma,21.6,10.3,12.5,18.4,8.1,19.7,"10,140","70,907"
#E64A19,45057,Lancaster County,South Carolina,21.5,8.6,13.4,14.7,9.5,20.4,"9,097","79,192"
#1976D2,18155,Switzerland County,Indiana,21.5,10.9,19.0,17.9,8.8,17.7,"9,308","62,890"
#388E3C,22099,St. Martin Parish,Louisiana,21.5,11.1,18.9,20.9,9.5,14.7,"11,156","65,800"
#455A64,48083,Coleman County,Texas,21.5,23.2,13.8,16.3,9.3,24.7,"11,794","63,690"
#455A64,48023,Baylor County,Texas,21.5,14.6,11.7,22.1,8.0,24.2,"13,057","52,436"
#455A64,51630,Fredericksburg city,Virginia,21.5,11.0,15.5,17.5,8.4,10.8,"9,949","89,208"
#1976D2,21195,Pike County,Kentucky,21.5,6.1,24.9,22.1,10.8,18.1,"9,445","52,110"
#388E3C,28141,Tishomingo County,Mississippi,21.5,13.7,19.7,24.2,10.6,20.5,"10,564","49,943"
#E64A19,47051,Franklin County,Tennessee,21.5,8.7,14.4,21.3,8.5,19.4,"10,468","71,134"
#E64A19,47159,Smith County,Tennessee,21.5,7.6,17.9,21.8,9.8,16.4,"10,738","75,035"
#FBC02D,32011,Eureka County,Nevada,21.4,9.9,8.0,11.9,8.7,18.0,"7,820","82,869"
#FBC02D,39145,Scioto County,Ohio,21.4,5.5,22.6,27.1,8.0,17.8,"13,442","58,968"
#E64A19,41045,Malheur County,Oregon,21.4,9.7,21.8,13.5,7.1,16.4,"8,625","56,286"
#D81B60,12009,Brevard County,Florida,21.4,10.2,11.8,21.6,7.9,23.4,"11,158","77,091"
#D81B60,13051,Chatham County,Georgia,21.4,14.2,15.1,14.8,10.4,14.9,"10,678","80,665"
#FBC02D,37069,Franklin County,North Carolina,21.4,9.9,13.2,17.2,9.0,16.4,"9,833","69,310"
#1976D2,18093,Lawrence County,Indiana,21.4,8.4,12.4,19.3,7.7,19.8,"9,717","63,859"
#D81B60,12039,Gadsden County,Florida,21.4,14.1,22.8,19.5,12.4,17.3,"10,920","53,811"
#1976D2,18049,Fulton County,Indiana,21.4,10.5,12.4,16.0,9.0,18.9,"8,767","65,255"
#1976D2,18079,Jennings County,Indiana,21.4,8.7,10.9,19.6,7.8,15.9,"9,227","67,996"
#455A64,48471,Walker County,Texas,21.4,13.3,22.4,19.9,8.3,12.7,"12,417","57,798"
#E64A19,47133,Overton County,Tennessee,21.4,8.6,17.2,20.3,7.3,20.1,"10,170","52,813"
#D81B60,01111,Randolph County,Alabama,21.4,9.1,16.9,21.5,9.3,20.4,"10,484","58,836"
#1976D2,21229,Washington County,Kentucky,21.4,6.9,15.2,21.0,9.0,17.9,"9,356","66,579"
#1976D2,21031,Butler County,Kentucky,21.3,7.5,19.3,22.8,6.6,18.1,"10,771","57,071"
#388E3C,22111,Union Parish,Louisiana,21.3,9.7,17.3,19.4,11.1,20.2,"13,173","61,857"
#FBC02D,39003,Allen County,Ohio,21.3,6.1,13.9,22.1,9.4,17.2,"11,384","65,521"
#FBC02D,05089,Marion County,Arkansas,21.3,5.7,18.2,13.1,8.0,28.1,"8,138","48,180"
#1976D2,21237,Wolfe County,Kentucky,21.3,2.3,29.2,30.1,9.4,19.1,"8,662","36,718"
#1976D2,20143,Ottawa County,Kansas,21.3,6.2,9.9,10.1,5.8,19.9,"9,902","70,565"
#E64A19,47041,DeKalb County,Tennessee,21.3,10.5,18.4,20.0,9.5,18.1,"9,676","62,873"
#FBC02D,37193,Wilkes County,North Carolina,21.3,11.4,17.7,18.0,10.1,21.0,"9,132","59,515"
#E64A19,40001,Adair County,Oklahoma,21.3,27.0,27.8,24.5,7.2,15.2,"11,901","46,729"
#E64A19,47087,Jackson County,Tennessee,21.3,11.2,19.2,22.5,9.7,22.0,"9,888","48,787"
#D81B60,01049,DeKalb County,Alabama,21.2,13.7,21.1,20.9,8.3,16.7,"10,121","56,390"
#1976D2,20047,Edwards County,Kansas,21.2,6.6,10.0,14.9,6.9,21.1,"12,049","61,020"
#455A64,48295,Lipscomb County,Texas,21.2,19.9,12.9,11.2,5.3,17.1,"7,526","76,016"
#455A64,48473,Waller County,Texas,21.2,20.3,16.5,20.0,7.7,11.6,"12,748","81,912"
#388E3C,28013,Calhoun County,Mississippi,21.2,11.8,21.6,19.1,11.8,18.4,"11,412","45,972"
#E64A19,42059,Greene County,Pennsylvania,21.2,4.6,13.5,18.6,9.8,18.5,"10,064","70,662"
#388E3C,29093,Iron County,Missouri,21.2,11.3,22.3,22.1,9.7,21.9,"10,012","51,670"
#388E3C,22049,Jackson Parish,Louisiana,21.2,9.1,22.8,22.0,11.3,20.1,"12,398","55,915"
#1976D2,21077,Gallatin County,Kentucky,21.2,8.7,14.8,21.9,9.8,13.7,"12,140","61,571"
#D81B60,12105,Polk County,Florida,21.1,12.7,15.8,24.4,8.5,20.2,"11,461","66,810"
#FBC02D,39119,Muskingum County,Ohio,21.1,5.2,16.0,22.8,8.1,17.5,"10,597","61,880"
#1976D2,21173,Montgomery County,Kentucky,21.1,6.9,18.2,22.0,9.1,15.8,"9,867","57,732"
#455A64,54091,Taylor County,West Virginia,21.1,6.0,16.8,18.7,10.5,19.8,"10,322","61,730"
#E64A19,47109,McNairy County,Tennessee,21.1,10.8,18.8,20.6,7.0,20.6,"10,233","51,976"
#455A64,51660,Harrisonburg city,Virginia,21.1,12.4,28.3,17.0,6.7,9.0,"9,388","65,667"
#D81B60,01055,Etowah County,Alabama,21.1,10.6,17.4,26.4,9.3,18.7,"12,676","60,379"
#388E3C,30035,Glacier County,Montana,21.1,37.7,31.0,12.0,9.2,11.8,"8,646","49,602"
#D81B60,13223,Paulding County,Georgia,21.1,11.5,8.2,19.2,7.6,10.4,"11,146","80,865"
#1976D2,17187,Warren County,Illinois,21.1,4.0,12.9,15.5,6.7,18.6,"9,024","63,814"
#388E3C,29035,Carter County,Missouri,21.1,16.0,13.4,17.2,8.2,19.6,"8,419","56,449"
#1976D2,17063,Grundy County,Illinois,21.1,3.7,7.6,18.9,7.4,13.6,"10,722","91,384"
#FBC02D,35057,Torrance County,New Mexico,21.1,6.0,23.7,10.3,9.6,20.1,"6,772","50,947"
#FBC02D,35005,Chaves County,New Mexico,21.1,10.0,19.4,20.3,8.3,15.5,"9,556","58,612"
#455A64,51550,Chesapeake city,Virginia,21.0,7.3,8.6,19.3,8.8,13.0,"9,838","97,038"
#1976D2,20171,Scott County,Kansas,21.0,5.4,6.0,19.9,8.6,18.1,"14,327","72,447"
#1976D2,21137,Lincoln County,Kentucky,21.0,9.2,21.3,16.2,9.7,17.8,"9,980","54,753"
#FBC02D,32019,Lyon County,Nevada,21.0,8.1,11.6,12.5,9.1,20.9,"7,953","69,580"
#388E3C,22081,Red River Parish,Louisiana,21.0,10.9,25.3,25.3,11.3,18.7,"17,167","58,402"
#388E3C,24019,Dorchester County,Maryland,21.0,5.4,15.8,19.8,10.4,21.0,"10,350","71,968"
#388E3C,28161,Yalobusha County,Mississippi,21.0,12.5,18.4,20.3,11.4,19.7,"10,940","49,019"
#455A64,56009,Converse County,Wyoming,21.0,8.7,9.6,9.5,8.6,16.6,"9,877","81,708"
#1976D2,21025,Breathitt County,Kentucky,21.0,4.5,34.4,29.7,11.6,16.5,"10,000","46,260"
#1976D2,20173,Sedgwick County,Kansas,21.0,10.7,13.7,16.1,7.9,14.0,"9,744","74,957"
#388E3C,22105,Tangipahoa Parish,Louisiana,21.0,9.6,21.4,22.3,10.5,14.0,"13,282","64,903"
#388E3C,29211,Sullivan County,Missouri,21.0,12.1,16.9,15.0,9.5,20.0,"9,706","57,896"
#E64A19,47005,Benton County,Tennessee,21.0,9.0,19.5,19.1,8.3,23.8,"9,776","51,053"
#E64A19,47099,Lawrence County,Tennessee,20.9,12.8,17.0,22.0,8.5,17.6,"10,664","56,783"
#455A64,48029,Bexar County,Texas,20.9,15.2,15.7,18.2,8.9,11.8,"10,534","78,311"
#FBC02D,37153,Richmond County,North Carolina,20.9,11.7,25.2,22.0,11.7,17.4,"10,472","49,668"
#1976D2,19135,Monroe County,Iowa,20.9,4.0,10.5,11.9,6.3,19.6,"8,945","68,736"
#E64A19,42123,Warren County,Pennsylvania,20.9,5.3,12.6,16.5,8.3,22.3,"8,691","64,294"
#1976D2,21141,Logan County,Kentucky,20.9,7.1,17.0,24.1,8.1,18.2,"10,718","60,451"
#E64A19,40003,Alfalfa County,Oklahoma,20.9,12.3,9.1,21.3,6.1,19.2,"11,312","81,944"
#FBC02D,32510,Carson City,Nevada,20.8,10.6,11.3,13.9,8.2,19.8,"8,717","75,267"
#1976D2,20141,Osborne County,Kansas,20.8,7.9,14.8,18.6,6.0,24.4,"10,832","67,431"
#E64A19,47183,Weakley County,Tennessee,20.8,9.9,20.3,22.4,6.9,18.0,"11,073","54,538"
#455A64,48369,Parmer County,Texas,20.8,19.9,14.9,16.6,7.3,13.5,"10,042","68,099"
#1976D2,21143,Lyon County,Kentucky,20.8,6.0,15.8,15.5,8.5,26.7,"10,199","64,743"
#E64A19,47065,Hamilton County,Tennessee,20.8,8.8,12.8,19.0,9.7,17.2,"10,928","78,761"
#FBC02D,05005,Baxter County,Arkansas,20.8,5.2,13.1,15.2,6.9,30.8,"9,372","59,206"
#FBC02D,37059,Davie County,North Carolina,20.8,9.6,13.9,16.8,8.8,20.2,"9,877","78,412"
#D81B60,13123,Gilmer County,Georgia,20.8,19.9,16.8,16.3,7.0,24.1,"9,216","67,610"
#388E3C,23015,Lincoln County,Maine,20.8,10.0,12.3,12.1,8.8,27.1,"8,420","74,439"
#E64A19,47179,Washington County,Tennessee,20.8,8.9,15.4,20.0,8.5,17.9,"9,477","69,061"
#1976D2,18167,Vigo County,Indiana,20.8,7.4,19.1,23.3,8.7,16.0,"11,147","61,602"
#1976D2,21071,Floyd County,Kentucky,20.8,4.8,30.7,24.8,10.7,17.5,"9,843","47,590"
#E64A19,40053,Grant County,Oklahoma,20.8,9.9,6.9,22.1,4.6,21.1,"10,777","69,910"
#1976D2,17169,Schuyler County,Illinois,20.8,9.4,19.0,14.4,6.6,22.0,"9,193","63,290"
#455A64,54069,Ohio County,West Virginia,20.8,4.3,12.6,16.1,8.7,21.2,"10,578","75,415"
#1976D2,18007,Benton County,Indiana,20.7,9.4,13.5,19.0,6.3,17.5,"10,580","61,729"
#FBC02D,35019,Guadalupe County,New Mexico,20.7,5.1,15.4,11.2,7.6,21.8,"6,486","39,340"
#1976D2,18109,Morgan County,Indiana,20.7,7.0,10.5,20.1,8.1,16.3,"9,013","80,395"
#1976D2,21101,Henderson County,Kentucky,20.7,4.7,18.5,17.2,11.2,17.2,"10,841","63,853"
#E64A19,45063,Lexington County,South Carolina,20.7,9.5,12.5,14.6,8.5,15.4,"9,426","79,492"
#D81B60,13005,Bacon County,Georgia,20.7,20.6,23.8,25.7,10.6,15.4,"11,610","53,187"
#D81B60,13161,Jeff Davis County,Georgia,20.7,18.4,22.0,22.0,10.0,15.1,"10,873","47,619"
#1976D2,18151,Steuben County,Indiana,20.7,7.6,9.3,15.8,7.3,19.6,"9,081","73,107"
#FBC02D,35039,Rio Arriba County,New Mexico,20.7,9.1,24.0,9.6,11.8,18.7,"6,768","57,304"
#455A64,48129,Donley County,Texas,20.6,14.1,14.7,20.1,9.1,23.2,"10,873","60,597"
#1976D2,17127,Massac County,Illinois,20.6,5.4,16.7,24.4,8.4,20.8,"10,859","56,735"
#D81B60,12045,Gulf County,Florida,20.6,10.4,12.9,20.9,6.3,20.7,"10,661","61,039"
#FBC02D,37149,Polk County,North Carolina,20.6,10.1,9.8,11.3,7.0,30.2,"8,576","68,076"
#FBC02D,37039,Cherokee County,North Carolina,20.6,14.2,16.7,18.0,9.2,28.9,"8,703","53,258"
#FBC02D,39149,Shelby County,Ohio,20.6,4.2,8.8,18.3,6.6,16.0,"9,148","75,899"
#E64A19,47167,Tipton County,Tennessee,20.6,9.1,12.4,20.0,9.2,14.1,"10,771","78,069"
#455A64,54065,Morgan County,West Virginia,20.6,6.7,7.9,17.2,9.4,22.8,"8,792","67,986"
#D81B60,12095,Orange County,Florida,20.6,13.3,14.9,23.2,8.7,11.6,"12,302","83,706"
#1976D2,21197,Powell County,Kentucky,20.6,4.6,21.4,20.6,8.7,15.5,"9,296","51,797"
#388E3C,04007,Gila County,Arizona,20.6,10.0,21.6,12.8,9.4,28.4,"9,012","58,074"
#1976D2,20193,Thomas County,Kansas,20.6,8.4,12.0,16.9,6.4,16.3,"12,035","76,255"
#388E3C,22093,St. James Parish,Louisiana,20.5,9.2,17.0,17.3,12.4,16.7,"11,197","70,558"
#388E3C,28103,Noxubee County,Mississippi,20.5,15.0,32.5,18.9,12.2,15.9,"12,311","48,285"
#1976D2,18015,Carroll County,Indiana,20.5,8.2,9.6,16.5,6.6,19.1,"9,580","71,684"
#388E3C,22009,Avoyelles Parish,Louisiana,20.5,8.3,24.4,21.9,11.8,16.7,"13,217","57,201"
#D81B60,13297,Walton County,Georgia,20.5,11.7,12.1,18.6,8.6,15.2,"9,759","78,154"
#388E3C,29101,Johnson County,Missouri,20.5,9.2,14.5,15.8,6.9,12.3,"9,774","66,605"
#388E3C,22107,Tensas Parish,Louisiana,20.5,18.0,34.7,15.5,8.4,23.8,"11,819","39,433"
#FBC02D,37067,Forsyth County,North Carolina,20.5,10.8,16.8,17.9,10.5,15.6,"10,107","76,256"
#E64A19,47185,White County,Tennessee,20.5,11.4,16.2,22.5,8.3,20.1,"9,479","55,864"
#455A64,51047,Culpeper County,Virginia,20.5,10.1,7.8,14.4,7.1,15.4,"9,184","93,110"
#FBC02D,39029,Columbiana County,Ohio,20.5,6.4,14.3,20.4,7.4,19.8,"10,645","63,789"
#455A64,48009,Archer County,Texas,20.5,12.9,11.9,21.2,6.4,19.5,"12,610","83,749"
#E64A19,06035,Lassen County,California,20.4,4.4,13.5,11.7,8.1,14.2,"7,280","71,713"
#455A64,54055,Mercer County,West Virginia,20.4,6.3,19.8,21.9,10.9,21.3,"9,298","51,597"
#1976D2,20021,Cherokee County,Kansas,20.4,11.5,13.1,21.3,8.6,19.0,"10,520","55,245"
#1976D2,21049,Clark County,Kentucky,20.4,4.4,14.7,19.4,9.0,17.5,"9,700","71,215"
#388E3C,29039,Cedar County,Missouri,20.4,15.7,15.8,14.4,6.1,23.3,"9,683","53,665"