FIPS,County,State,percent_medicalDebt,percent_uninsured,percent_poverty,percent_chronic,percent_live_births,percent_65,medicare_spending,average_income
48489,Willacy County,Texas,27.6,27.6,27.0,39.0,8.5,13.7,"14,326","47,742"
48427,Starr County,Texas,19.7,34.8,34.7,37.7,9.0,11.2,"14,126","47,269"
48247,Jim Hogg County,Texas,38.1,21.5,30.6,33.5,8.5,14.2,"18,274","48,856"
48047,Brooks County,Texas,35.7,22.5,41.4,33.4,9.0,14.6,"15,645","41,308"
12093,Okeechobee County,Florida,23.5,16.1,21.0,33.1,7.3,19.8,"12,404","58,238"
48215,Hidalgo County,Texas,27.4,30.3,29.7,31.6,8.5,10.8,"13,168","58,014"
48131,Duval County,Texas,35.6,22.0,22.8,30.9,8.2,17.6,"17,156","49,597"
20063,Gove County,Kansas,11.5,12.2,10.0,30.3,4.3,26.6,"14,132","63,257"
21237,Wolfe County,Kentucky,21.3,2.3,29.2,30.1,9.4,19.1,"8,662","36,718"
21025,Breathitt County,Kentucky,21.0,4.5,34.4,29.7,11.6,16.5,"10,000","46,260"
12086,Miami-Dade County,Florida,10.9,16.8,17.1,29.7,8.4,16.0,"14,729","79,100"
48249,Jim Wells County,Texas,39.7,18.3,23.2,29.5,10.1,14.9,"15,603","62,079"
47095,Lake County,Tennessee,31.8,11.3,28.6,29.0,10.2,15.5,"14,327","55,768"
21115,Johnson County,Kentucky,33.3,4.4,22.7,29.0,9.9,17.7,"11,070","55,898"
22115,Vernon Parish,Louisiana,19.4,8.9,17.3,28.9,7.4,11.7,"12,396","63,430"
48351,Newton County,Texas,35.3,20.0,24.4,28.8,9.6,20.1,"12,471","54,004"
48263,Kent County,Texas,,4.8,14.5,28.7,,28.1,"12,243","73,663"
22035,East Carroll Parish,Louisiana,28.1,9.0,44.6,28.6,16.1,14.0,"14,580","58,740"
1127,Walker County,Alabama,25.2,11.8,18.1,28.4,10.9,19.0,"10,763","59,159"
48061,Cameron County,Texas,22.2,28.4,28.9,28.4,8.3,13.2,"12,333","55,520"
36047,Kings County,New York,3.4,7.3,20.0,28.2,7.8,13.6,"11,953","91,610"
48273,Kleberg County,Texas,34.3,15.5,27.2,28.2,8.1,13.0,"13,805","59,512"
22117,Washington Parish,Louisiana,29.4,11.8,24.4,28.1,11.9,17.5,"15,121","52,104"
21119,Knott County,Kentucky,15.6,6.1,31.2,28.1,10.3,17.6,"10,139","43,034"
40089,McCurtain County,Oklahoma,23.2,22.2,22.7,28.1,7.8,17.7,"11,362","52,076"
39053,Gallia County,Ohio,12.5,9.7,20.7,27.9,9.5,18.5,"11,468","60,507"
48387,Red River County,Texas,32.6,14.4,19.7,27.7,9.0,24.4,"12,269","52,213"
12027,DeSoto County,Florida,27.8,19.2,26.8,27.6,7.4,21.7,"12,563","49,625"
21217,Taylor County,Kentucky,16.3,4.1,17.9,27.6,8.9,17.4,"11,277","59,529"
40013,Bryan County,Oklahoma,34.4,17.9,17.1,27.4,7.9,17.7,"13,314","61,932"
12049,Hardee County,Florida,23.3,11.7,24.1,27.4,7.3,15.8,"11,225","53,433"
12007,Bradford County,Florida,29.9,11.3,22.2,27.1,11.3,17.8,"12,123","57,585"
39145,Scioto County,Ohio,21.4,5.5,22.6,27.1,8.0,17.8,"13,442","58,968"
22021,Caldwell Parish,Louisiana,29.3,12.9,25.1,27.1,9.2,18.1,"13,694","61,083"
1039,Covington County,Alabama,22.4,11.1,18.6,27.1,10.3,20.8,"11,901","57,075"
12053,Hernando County,Florida,15.8,12.2,14.1,27.0,9.0,27.5,"11,770","62,158"
22039,Evangeline Parish,Louisiana,26.4,11.6,28.7,26.7,10.8,15.1,"13,261","48,970"
54045,Logan County,West Virginia,28.1,7.2,25.4,26.5,11.3,19.4,"10,909","53,008"
40023,Choctaw County,Oklahoma,34.5,22.1,27.7,26.5,9.5,20.3,"12,660","50,312"
48505,Zapata County,Texas,26.3,28.5,34.5,26.4,8.3,13.8,"12,567","60,551"
1055,Etowah County,Alabama,21.1,10.6,17.4,26.4,9.3,18.7,"12,676","60,379"
39131,Pike County,Ohio,22.9,7.1,18.7,26.3,8.9,17.6,"10,928","62,297"
48241,Jasper County,Texas,29.2,17.5,18.5,26.3,8.7,19.4,"12,129","64,222"
12055,Highlands County,Florida,16.8,11.1,18.6,26.2,8.6,35.2,"12,091","59,208"
28003,Alcorn County,Mississippi,16.6,13.7,15.0,26.2,11.5,18.2,"11,306","58,260"
48199,Hardin County,Texas,23.7,14.2,12.1,26.1,8.7,16.5,"12,068","80,698"
48433,Stonewall County,Texas,,14.0,11.9,26.1,,20.3,"14,990","62,955"
12101,Pasco County,Florida,16.4,11.5,12.7,26.0,8.2,22.5,"11,913","71,321"
12043,Glades County,Florida,32.0,24.1,17.4,25.9,8.9,26.9,"10,784","55,963"
54049,Marion County,West Virginia,27.3,5.2,16.4,25.9,10.1,19.1,"10,973","64,299"
20179,Sheridan County,Kansas,6.5,10.3,5.3,25.9,5.9,23.5,"12,107","80,114"
1057,Fayette County,Alabama,20.0,7.6,19.4,25.9,10.5,20.8,"11,068","53,897"
13153,Houston County,Georgia,17.9,11.6,13.9,25.8,8.7,12.4,"10,998","77,239"
37163,Sampson County,North Carolina,26.7,15.7,20.9,25.8,8.9,17.4,"10,525","58,515"
13005,Bacon County,Georgia,20.7,20.6,23.8,25.7,10.6,15.4,"11,610","53,187"
48127,Dimmit County,Texas,17.1,20.6,33.7,25.7,8.0,16.9,"13,908","50,160"
48323,Maverick County,Texas,27.2,31.1,26.9,25.6,8.2,11.5,"13,217","53,367"
39105,Meigs County,Ohio,15.2,6.8,19.6,25.6,9.5,19.3,"10,034","60,917"
28091,Marion County,Mississippi,19.3,15.3,25.5,25.6,10.9,18.0,"12,426","49,142"
39079,Jackson County,Ohio,16.0,8.2,18.8,25.6,8.5,16.8,"11,446","58,016"
12107,Putnam County,Florida,26.1,16.0,23.6,25.5,10.8,22.7,"11,898","50,838"
12083,Marion County,Florida,19.2,11.4,16.1,25.5,9.0,28.6,"10,943","62,048"
21165,Menifee County,Kentucky,26.3,3.5,23.7,25.5,8.9,20.2,"8,977","47,917"
12003,Baker County,Florida,28.1,10.0,12.0,25.4,10.0,13.7,"11,855","74,509"
40029,Coal County,Oklahoma,17.3,23.2,22.0,25.4,8.2,20.6,"13,508","59,996"
21057,Cumberland County,Kentucky,23.7,10.0,21.4,25.4,8.1,21.5,"11,570","44,638"
21205,Rowan County,Kentucky,26.8,5.3,27.9,25.3,9.7,13.6,"9,588","56,144"
21051,Clay County,Kentucky,16.0,7.1,36.6,25.3,11.6,14.8,"10,324","39,471"
48245,Jefferson County,Texas,26.5,19.9,17.7,25.3,10.2,14.2,"12,995","71,052"
26163,Wayne County,Michigan,14.5,6.3,22.3,25.3,10.8,15.1,"12,368","67,907"
22081,Red River Parish,Louisiana,21.0,10.9,25.3,25.3,11.3,18.7,"17,167","58,402"
13233,Polk County,Georgia,31.5,15.7,18.4,25.3,9.0,15.4,"12,037","64,011"
54057,Mineral County,West Virginia,25.3,6.2,13.8,25.3,8.3,21.3,"9,616","61,016"
12069,Lake County,Florida,16.9,10.3,12.0,25.3,8.6,26.5,"11,135","69,788"
12059,Holmes County,Florida,18.7,17.7,22.8,25.2,8.1,19.8,"10,868","51,489"
22053,Jefferson Davis Parish,Louisiana,27.3,8.1,19.1,25.2,9.9,16.1,"12,579","65,425"
28117,Prentiss County,Mississippi,30.9,12.0,21.9,25.2,11.5,17.6,"11,414","50,723"
48277,Lamar County,Texas,29.6,16.3,17.4,25.2,8.6,18.9,"11,697","60,777"
13225,Peach County,Georgia,27.0,12.9,22.2,25.1,10.3,15.5,"11,151","63,011"
48405,San Augustine County,Texas,23.1,14.8,24.8,25.1,9.8,26.4,"11,650","55,320"
47111,Macon County,Tennessee,21.6,11.0,17.3,25.1,9.5,15.7,"11,351","57,564"
48227,Howard County,Texas,31.0,17.0,17.3,25.0,9.5,12.9,"10,728","73,064"
48487,Wilbarger County,Texas,29.7,14.7,19.2,25.0,8.7,18.5,"13,205","59,547"
51051,Dickenson County,Virginia,22.4,9.1,25.7,25.0,8.1,21.4,"9,986","57,700"
21193,Perry County,Kentucky,17.3,5.2,26.1,24.9,10.3,16.3,"11,195","53,993"
21073,Franklin County,Kentucky,19.1,8.4,12.4,24.9,9.9,17.0,"13,025","70,994"
47169,Trousdale County,Tennessee,20.1,13.2,10.2,24.9,9.5,13.9,"12,691","64,745"
21183,Ohio County,Kentucky,26.0,5.5,18.9,24.8,8.2,17.6,"10,134","62,237"
40033,Cotton County,Oklahoma,27.3,14.7,18.2,24.8,8.4,19.4,"11,713","61,070"
12097,Osceola County,Florida,22.0,14.5,14.8,24.8,8.1,13.0,"12,006","66,856"
21071,Floyd County,Kentucky,20.8,4.8,30.7,24.8,10.7,17.5,"9,843","47,590"
21087,Green County,Kentucky,16.8,5.7,18.0,24.8,8.1,20.1,"11,456","53,787"
48321,Matagorda County,Texas,22.1,17.9,18.9,24.8,8.4,16.3,"12,857","64,806"
48025,Bee County,Texas,36.5,19.2,20.6,24.8,9.6,12.0,"14,051","63,623"
21089,Greenup County,Kentucky,30.6,4.9,16.9,24.8,8.4,20.3,"10,912","69,483"
22097,St. Landry Parish,Louisiana,23.5,10.0,26.2,24.7,11.0,15.8,"12,921","54,740"
21177,Muhlenberg County,Kentucky,19.8,5.8,15.2,24.7,8.3,18.6,"10,038","57,437"
48417,Shackelford County,Texas,26.6,12.8,13.3,24.7,9.2,19.2,"12,834","60,781"
21189,Owsley County,Kentucky,17.4,3.5,30.3,24.6,9.5,19.0,"9,016","47,219"
21011,Bath County,Kentucky,22.5,5.6,20.4,24.6,8.2,16.2,"9,492","57,056"
12077,Liberty County,Florida,19.7,15.2,16.8,24.6,7.7,15.3,"12,439","50,919"
13101,Echols County,Georgia,26.6,23.5,24.1,24.6,,16.1,"10,469","53,541"
26017,Bay County,Michigan,11.3,5.1,15.8,24.6,7.1,19.6,"10,487","63,415"
48311,McMullen County,Texas,,17.8,11.8,24.5,,18.3,"11,578","92,126"
48353,Nolan County,Texas,40.9,19.0,16.1,24.5,7.8,17.6,"11,616","64,120"
40001,Adair County,Oklahoma,21.3,27.0,27.8,24.5,7.2,15.2,"11,901","46,729"
29155,Pemiscot County,Missouri,38.0,12.9,27.4,24.5,11.6,16.5,"10,742","50,700"
54059,Mingo County,West Virginia,34.0,4.5,28.7,24.5,12.1,18.1,"9,525","47,066"
54043,Lincoln County,West Virginia,32.1,6.1,22.8,24.5,11.2,18.7,"9,337","54,060"
13167,Johnson County,Georgia,23.0,13.9,22.6,24.5,9.9,18.1,"10,579","50,557"
21153,Magoffin County,Kentucky,29.0,4.6,28.3,24.4,11.1,16.8,"9,892","43,655"
34029,Ocean County,New Jersey,10.6,5.6,10.1,24.4,6.0,22.4,"11,433","93,749"
17127,Massac County,Illinois,20.6,5.4,16.7,24.4,8.4,20.8,"10,859","56,735"
48163,Frio County,Texas,26.7,21.5,23.3,24.4,10.0,12.4,"12,654","67,332"
39163,Vinton County,Ohio,19.3,8.6,19.0,24.4,8.1,17.0,"10,706","54,406"
12013,Calhoun County,Florida,27.5,16.5,14.7,24.4,8.5,19.2,"11,775","53,097"
48479,Webb County,Texas,25.4,27.7,27.5,24.4,8.2,9.2,"12,644","63,769"
47045,Dyer County,Tennessee,24.4,9.2,18.6,24.4,10.9,17.2,"11,638","67,860"
12105,Polk County,Florida,21.1,12.7,15.8,24.4,8.5,20.2,"11,461","66,810"
48147,Fannin County,Texas,28.7,16.2,12.0,24.3,7.9,18.5,"12,664","72,914"
51720,Norton city,Virginia,32.2,11.0,28.2,24.3,9.1,16.4,"9,374","48,266"
21131,Leslie County,Kentucky,20.4,4.5,38.0,24.3,10.8,17.4,"11,115","39,649"
54005,Boone County,West Virginia,37.6,5.7,23.1,24.3,11.7,19.1,"10,892","52,513"
40055,Greer County,Oklahoma,37.3,17.0,20.2,24.3,8.5,17.5,"12,019","51,609"
48445,Terry County,Texas,34.6,23.1,19.2,24.2,9.5,15.1,"11,839","62,202"
28141,Tishomingo County,Mississippi,21.5,13.7,19.7,24.2,10.6,20.5,"10,564","49,943"
46017,Buffalo County,South Dakota,,39.3,39.7,24.2,9.0,7.2,"12,009","41,952"
13213,Murray County,Georgia,25.9,14.6,15.6,24.1,8.7,14.4,"9,762","59,543"
22001,Acadia Parish,Louisiana,22.6,10.6,24.2,24.1,9.1,14.9,"11,939","61,465"
48179,Gray County,Texas,27.2,19.3,16.5,24.1,7.2,15.8,"11,806","66,482"
29221,Washington County,Missouri,26.2,12.4,20.1,24.1,10.4,16.2,"11,594","54,810"
54011,Cabell County,West Virginia,31.0,7.7,22.3,24.1,10.9,18.2,"10,251","58,832"
12099,Palm Beach County,Florida,16.6,13.0,12.2,24.1,8.5,23.6,"12,752","99,173"
21141,Logan County,Kentucky,20.9,7.1,17.0,24.1,8.1,18.2,"10,718","60,451"
48485,Wichita County,Texas,28.2,14.1,16.9,24.1,8.1,14.5,"12,673","63,778"
13115,Floyd County,Georgia,30.4,13.5,18.4,24.1,9.0,16.5,"11,239","67,957"
12015,Charlotte County,Florida,14.4,10.4,11.1,24.0,8.4,39.6,"11,035","71,130"
39001,Adams County,Ohio,24.5,7.6,20.7,24.0,9.0,17.5,"11,639","56,865"
18177,Wayne County,Indiana,15.0,11.9,16.4,24.0,8.3,18.8,"10,453","64,356"
1079,Lawrence County,Alabama,26.9,9.1,18.0,24.0,8.3,18.1,"10,221","58,315"
12017,Citrus County,Florida,17.5,10.2,15.7,24.0,8.5,36.3,"10,067","58,601"
21019,Boyd County,Kentucky,34.4,6.0,18.9,24.0,10.3,18.9,"10,778","65,925"
12057,Hillsborough County,Florida,17.6,12.6,14.6,24.0,8.9,13.9,"12,056","83,104"
39087,Lawrence County,Ohio,35.1,5.6,18.1,24.0,8.8,18.4,"10,988","59,958"
29187,St. Francois County,Missouri,27.9,9.0,15.5,24.0,8.7,16.2,"10,603","58,714"
13069,Coffee County,Georgia,29.2,18.6,19.9,23.9,11.0,13.7,"12,236","54,717"
48361,Orange County,Texas,28.0,15.9,13.3,23.9,9.6,15.6,"12,298","77,645"
21007,Ballard County,Kentucky,19.2,7.6,15.4,23.9,9.3,20.7,"9,909","62,411"
22123,West Carroll Parish,Louisiana,30.0,13.7,21.9,23.9,11.1,18.7,"12,707","55,983"
54085,Ritchie County,West Virginia,23.8,8.7,18.3,23.9,7.6,22.9,"9,862","59,849"
54039,Kanawha County,West Virginia,29.4,5.8,17.2,23.8,10.6,20.0,"10,173","66,597"
28065,Jefferson Davis County,Mississippi,24.3,14.2,24.9,23.8,15.3,21.8,"12,533","47,792"
37047,Columbus County,North Carolina,34.2,12.6,22.8,23.8,11.4,19.5,"10,429","55,616"
12103,Pinellas County,Florida,17.0,10.9,12.2,23.8,8.2,24.3,"12,636","78,424"
47177,Warren County,Tennessee,23.7,12.8,21.7,23.8,8.6,17.2,"10,400","56,764"
34017,Hudson County,New Jersey,10.9,12.9,15.2,23.8,8.5,11.7,"11,179","103,912"
13079,Crawford County,Georgia,25.3,13.0,19.9,23.8,10.4,18.0,"10,999","59,937"
6037,Los Angeles County,California,7.6,9.6,14.9,23.8,7.2,13.3,"12,832","99,133"
48457,Tyler County,Texas,34.9,16.9,16.5,23.7,8.5,21.6,"11,458","56,879"
28147,Walthall County,Mississippi,20.3,16.3,24.0,23.7,11.7,19.1,"12,059","50,698"
20195,Trego County,Kansas,12.4,8.2,6.9,23.7,8.7,25.3,"14,862","69,210"
47033,Crockett County,Tennessee,14.9,11.1,17.8,23.7,8.1,18.6,"11,278","60,132"
1133,Winston County,Alabama,25.6,12.3,17.6,23.7,10.1,21.3,"10,215","53,167"
54053,Mason County,West Virginia,23.6,4.7,15.9,23.7,9.9,20.4,"10,070","59,868"
21061,Edmonson County,Kentucky,21.7,6.3,18.2,23.7,6.4,20.2,"10,645","52,578"
13027,Brooks County,Georgia,40.7,18.1,22.7,23.7,10.7,18.9,"11,939","60,621"
54061,Monongalia County,West Virginia,22.1,4.8,20.8,23.7,8.0,12.2,"10,605","79,774"
26049,Genesee County,Michigan,19.0,5.5,18.9,23.6,10.4,17.0,"11,488","65,564"
21133,Letcher County,Kentucky,15.7,4.8,33.6,23.6,11.5,18.5,"10,189","47,200"
26099,Macomb County,Michigan,12.7,5.2,10.6,23.6,8.7,16.6,"11,732","79,750"
48181,Grayson County,Texas,32.3,17.4,13.1,23.6,7.8,17.5,"13,193","72,105"
48005,Angelina County,Texas,30.9,18.8,17.7,23.6,8.9,15.9,"11,670","63,164"
47049,Fentress County,Tennessee,20.4,7.7,20.6,23.6,8.5,21.0,"10,599","47,004"
47097,Lauderdale County,Tennessee,25.0,9.8,21.2,23.5,11.3,15.3,"11,717","50,842"
24001,Allegany County,Maryland,22.6,4.8,16.5,23.5,8.9,19.8,"10,430","59,335"
48081,Coke County,Texas,19.9,14.8,12.5,23.5,6.3,28.5,"12,122","54,420"
22091,St. Helena Parish,Louisiana,32.3,12.7,18.4,23.5,11.3,18.9,"14,203","61,237"
48313,Madison County,Texas,33.2,15.4,12.0,23.5,7.4,15.2,"13,141","69,955"
13003,Atkinson County,Georgia,34.0,22.6,30.3,23.5,7.3,13.6,"10,584","54,979"
47013,Campbell County,Tennessee,30.5,11.4,21.0,23.5,9.8,20.4,"10,123","57,568"
40079,Le Flore County,Oklahoma,26.8,18.0,20.7,23.4,7.8,17.5,"12,033","54,669"
13289,Twiggs County,Georgia,25.5,9.6,19.3,23.4,10.3,21.9,"12,170","49,399"
21059,Daviess County,Kentucky,18.2,4.8,16.6,23.4,7.9,16.7,"9,863","71,162"
47151,Scott County,Tennessee,26.2,10.4,21.9,23.4,9.4,16.5,"10,308","51,084"
1007,Bibb County,Alabama,24.7,10.7,18.1,23.4,10.2,15.9,"10,836","60,182"
1015,Calhoun County,Alabama,25.0,9.5,17.9,23.4,9.4,17.2,"11,297","63,417"
21129,Lee County,Kentucky,19.8,2.7,34.6,23.4,9.3,17.4,"11,134","39,008"
47135,Perry County,Tennessee,15.6,16.1,26.9,23.4,8.6,20.5,"10,058","72,210"
29069,Dunklin County,Missouri,33.1,15.6,25.7,23.4,11.9,17.8,"10,939","52,761"
40123,Pontotoc County,Oklahoma,12.6,16.3,14.7,23.4,8.2,16.4,"12,566","67,130"
54001,Barbour County,West Virginia,28.2,4.9,20.8,23.3,7.6,19.4,"10,220","56,827"
12023,Columbia County,Florida,26.2,12.5,15.8,23.3,10.5,18.3,"11,685","63,704"
29099,Jefferson County,Missouri,19.4,8.1,9.6,23.3,7.9,14.5,"10,919","78,083"
18167,Vigo County,Indiana,20.8,7.4,19.1,23.3,8.7,16.0,"11,147","61,602"
13193,Macon County,Georgia,25.1,18.7,25.5,23.3,13.6,16.5,"11,562","46,927"
47175,Van Buren County,Tennessee,25.0,14.8,16.8,23.3,8.3,22.5,"9,818","52,846"
28031,Covington County,Mississippi,15.6,13.8,24.2,23.3,11.7,17.0,"12,654","50,121"
12011,Broward County,Florida,15.4,14.2,13.1,23.3,9.5,16.3,"13,139","85,851"
13259,Stewart County,Georgia,26.3,16.3,34.5,23.3,11.7,14.9,"12,715","46,204"
18053,Grant County,Indiana,22.1,8.6,18.0,23.3,10.0,18.7,"10,588","56,890"
21127,Lawrence County,Kentucky,28.9,8.6,26.5,23.3,10.2,17.1,"8,492","46,907"
29113,Lincoln County,Missouri,22.6,7.8,11.0,23.3,7.7,13.3,"11,347","74,375"
54099,Wayne County,West Virginia,30.6,7.7,23.2,23.3,10.0,20.4,"9,468","53,315"
47039,Decatur County,Tennessee,21.6,9.1,17.6,23.2,8.2,23.4,"9,984","58,074"
12095,Orange County,Florida,20.6,13.3,14.9,23.2,8.7,11.6,"12,302","83,706"
42023,Cameron County,Pennsylvania,11.0,3.1,15.3,23.2,8.2,26.8,"10,913","51,091"
13283,Treutlen County,Georgia,24.7,20.2,27.5,23.2,12.0,20.7,"11,254","53,068"
22127,Winn Parish,Louisiana,19.8,10.8,18.7,23.2,11.2,18.3,"13,943","56,203"
48507,Zavala County,Texas,16.6,16.0,33.8,23.2,8.5,13.8,"12,056","41,014"
13169,Jones County,Georgia,19.1,9.9,14.0,23.2,8.3,17.4,"11,125","66,967"
36009,Cattaraugus County,New York,13.9,6.9,16.5,23.1,7.8,18.7,"9,345","61,368"
39081,Jefferson County,Ohio,27.4,5.6,17.5,23.1,8.5,21.0,"11,964","62,303"
12031,Duval County,Florida,22.8,11.8,14.5,23.1,9.9,13.7,"12,181","77,522"
6025,Imperial County,California,13.0,8.0,24.1,23.1,5.6,12.6,"10,821","64,355"
26147,St. Clair County,Michigan,12.0,4.9,12.7,23.1,7.3,18.2,"10,528","74,614"
48497,Wise County,Texas,25.9,17.9,10.7,23.1,6.3,14.9,"12,933","82,046"
40095,Marshall County,Oklahoma,26.7,17.4,17.0,23.1,7.1,22.3,"12,464","57,883"
1021,Chilton County,Alabama,24.4,13.0,19.1,23.1,8.6,16.0,"10,897","62,784"
13055,Chattooga County,Georgia,33.6,14.2,19.4,23.0,8.2,17.3,"10,581","48,964"
5127,Scott County,Arkansas,29.9,10.0,19.1,23.0,9.0,20.7,"10,137","46,067"
18143,Scott County,Indiana,26.5,8.5,14.9,23.0,9.2,16.6,"10,714","60,070"
21121,Knox County,Kentucky,15.3,5.2,33.2,23.0,11.0,17.1,"9,807","44,833"
39141,Ross County,Ohio,18.3,5.9,17.3,23.0,9.2,16.1,"11,032","65,448"
21093,Hardin County,Kentucky,17.5,4.6,13.2,23.0,7.7,13.7,"9,843","71,340"
29181,Ripley County,Missouri,29.3,14.5,25.4,23.0,9.7,20.6,"9,851","46,280"
54019,Fayette County,West Virginia,27.6,7.1,20.5,23.0,9.5,20.4,"10,582","52,802"
1035,Conecuh County,Alabama,22.6,12.7,17.6,23.0,13.7,22.2,"10,720","47,286"
21043,Carter County,Kentucky,36.8,8.0,25.3,23.0,8.5,18.3,"9,806","49,489"
37155,Robeson County,North Carolina,31.2,14.1,27.7,23.0,11.9,14.7,"10,951","49,701"
28139,Tippah County,Mississippi,24.5,12.3,20.0,23.0,10.7,15.7,"11,069","51,144"
29055,Crawford County,Missouri,22.3,16.5,18.5,23.0,8.9,19.2,"10,300","54,332"
40005,Atoka County,Oklahoma,29.2,17.0,20.6,23.0,8.7,18.7,"12,566","54,846"
1019,Cherokee County,Alabama,22.2,8.6,13.9,22.9,8.5,22.4,"10,417","57,617"
13215,Muscogee County,Georgia,23.1,11.5,20.7,22.9,11.7,13.0,"10,510","65,942"
12063,Jackson County,Florida,27.0,11.3,19.4,22.9,8.8,19.3,"10,947","53,662"
40101,Muskogee County,Oklahoma,22.3,16.5,21.1,22.9,8.0,16.4,"12,270","60,950"
18095,Madison County,Indiana,19.3,8.2,16.5,22.9,8.9,17.9,"10,833","62,510"
12125,Union County,Florida,23.4,10.8,20.8,22.9,10.4,15.0,"12,359","64,521"
46102,Oglala Lakota County,South Dakota,8.7,36.5,46.2,22.9,7.5,6.8,"14,641","45,707"
40057,Harmon County,Oklahoma,40.3,15.2,14.7,22.8,11.0,18.7,"11,457","65,261"
21125,Laurel County,Kentucky,18.5,6.5,23.2,22.8,8.2,16.1,"9,219","56,574"
12117,Seminole County,Florida,16.9,9.5,10.6,22.8,7.6,15.2,"12,127","90,193"
40047,Garfield County,Oklahoma,30.2,14.7,13.8,22.8,8.3,15.9,"10,278","71,136"
1105,Perry County,Alabama,22.6,9.3,30.8,22.8,14.7,19.1,"10,635","35,819"
1061,Geneva County,Alabama,22.1,12.6,22.0,22.8,7.8,20.0,"10,686","53,077"
1059,Franklin County,Alabama,29.5,11.7,19.4,22.8,9.5,16.9,"10,990","56,907"
13309,Wheeler County,Georgia,28.6,21.5,25.7,22.8,9.2,14.1,"11,872","39,372"
12005,Bay County,Florida,23.5,13.1,14.6,22.8,8.4,17.0,"11,493","71,507"
21031,Butler County,Kentucky,21.3,7.5,19.3,22.8,6.6,18.1,"10,771","57,071"
13049,Charlton County,Georgia,33.1,20.0,25.2,22.8,8.8,14.9,"11,785","52,464"
13319,Wilkinson County,Georgia,27.5,9.8,23.4,22.8,12.8,18.7,"10,634","53,601"
40069,Johnston County,Oklahoma,23.4,16.7,20.9,22.8,9.2,19.1,"13,025","53,245"
48429,Stephens County,Texas,31.1,19.2,20.6,22.8,9.0,19.5,"12,613","64,763"
54015,Clay County,West Virginia,28.8,3.5,27.5,22.8,9.2,20.1,"8,629","45,212"
12067,Lafayette County,Florida,27.5,16.6,12.8,22.8,7.4,13.8,"11,099","57,595"
48077,Clay County,Texas,26.0,12.6,12.2,22.8,4.8,22.8,"12,302","71,797"
54035,Jackson County,West Virginia,25.2,5.6,17.7,22.8,9.0,19.9,"9,987","62,359"
39119,Muskingum County,Ohio,21.1,5.2,16.0,22.8,8.1,17.5,"10,597","61,880"
21041,Carroll County,Kentucky,23.9,9.3,24.1,22.7,8.4,15.1,"10,118","63,333"
48469,Victoria County,Texas,25.2,16.8,15.0,22.7,7.9,15.8,"12,552","78,901"
22041,Franklin Parish,Louisiana,24.4,10.1,29.0,22.7,13.3,17.7,"13,970","50,029"
21155,Marion County,Kentucky,18.5,4.7,23.0,22.7,9.4,16.5,"9,744","55,942"
37093,Hoke County,North Carolina,14.8,13.9,20.4,22.7,9.4,9.6,"9,950","58,873"
13119,Franklin County,Georgia,22.0,14.7,22.9,22.7,8.9,19.3,"10,111","59,091"
13129,Gordon County,Georgia,25.1,15.3,18.0,22.7,8.2,14.4,"10,375","63,076"
54079,Putnam County,West Virginia,25.0,5.8,9.8,22.7,7.3,17.9,"9,905","80,042"
12133,Washington County,Florida,18.7,12.8,24.1,22.7,8.4,17.2,"10,920","48,972"
48391,Refugio County,Texas,22.9,15.9,16.5,22.7,8.2,21.6,"13,349","61,935"
21147,McCreary County,Kentucky,15.3,4.6,33.4,22.7,10.1,15.3,"9,555","39,988"
39167,Washington County,Ohio,14.6,7.2,14.2,22.7,7.2,20.5,"11,416","67,322"
29071,Franklin County,Missouri,17.3,8.0,10.5,22.7,8.1,16.9,"10,832","75,479"
54083,Randolph County,West Virginia,27.7,7.4,18.5,22.6,8.2,21.1,"9,809","61,113"
21149,McLean County,Kentucky,18.2,6.5,16.1,22.6,11.2,19.2,"10,163","62,656"
18153,Sullivan County,Indiana,16.5,9.8,12.0,22.6,7.9,17.3,"10,427","64,112"
21069,Fleming County,Kentucky,16.0,9.1,19.9,22.6,7.4,17.5,"10,051","58,083"
48475,Ward County,Texas,25.6,19.1,12.5,22.6,9.8,13.8,"10,869","73,249"
20071,Greeley County,Kansas,,5.5,7.5,22.6,,20.5,"12,423","65,953"
48251,Johnson County,Texas,35.3,15.9,10.2,22.6,6.9,13.8,"11,885","81,183"
13271,Telfair County,Georgia,24.4,9.8,28.9,22.6,11.6,17.5,"12,109","51,004"
1071,Jackson County,Alabama,22.9,9.5,18.6,22.6,9.0,19.5,"11,120","54,808"
37085,Harnett County,North Carolina,22.0,11.2,15.8,22.6,8.6,12.2,"10,753","64,988"
22011,Beauregard Parish,Louisiana,24.7,10.2,15.5,22.6,9.4,15.4,"11,600","67,685"
1125,Tuscaloosa County,Alabama,17.3,7.2,17.7,22.6,10.9,12.9,"10,910","71,528"
47017,Carroll County,Tennessee,22.0,9.1,18.6,22.6,7.7,19.9,"10,922","55,465"
48255,Karnes County,Texas,37.4,14.4,17.7,22.6,8.3,14.0,"13,372","89,471"
47185,White County,Tennessee,20.5,11.4,16.2,22.5,8.3,20.1,"9,479","55,864"
48175,Goliad County,Texas,19.6,9.7,13.1,22.5,7.2,22.0,"11,630","77,169"
1033,Colbert County,Alabama,22.9,7.2,15.5,22.5,10.6,19.4,"11,300","60,904"
37017,Bladen County,North Carolina,26.2,12.9,24.3,22.5,10.3,21.0,"10,936","55,229"
28077,Lawrence County,Mississippi,24.9,12.1,18.6,22.5,11.3,17.5,"12,722","55,292"
13175,Laurens County,Georgia,23.8,11.4,27.1,22.5,10.7,17.2,"10,459","56,190"
28035,Forrest County,Mississippi,17.9,13.9,26.0,22.5,12.2,13.3,"12,324","56,900"
22003,Allen Parish,Louisiana,30.7,8.5,14.5,22.5,9.3,14.7,"11,599","61,465"
37101,Johnston County,North Carolina,22.5,12.0,12.5,22.5,8.4,13.0,"10,298","75,663"
1045,Dale County,Alabama,14.8,11.6,17.6,22.5,8.2,16.4,"10,257","61,001"
48317,Martin County,Texas,,10.9,8.5,22.5,7.9,12.1,"13,517","91,265"
48291,Liberty County,Texas,26.1,19.8,14.1,22.5,8.6,13.0,"12,987","68,334"
47087,Jackson County,Tennessee,21.3,11.2,19.2,22.5,9.7,22.0,"9,888","48,787"
39067,Harrison County,Ohio,17.8,9.6,16.0,22.5,5.5,20.9,"10,664","60,067"
13269,Taylor County,Georgia,31.5,17.5,25.8,22.4,9.6,19.5,"11,927","49,357"
51670,Hopewell city,Virginia,28.9,9.4,23.6,22.4,13.4,15.5,"11,292","53,893"
47183,Weakley County,Tennessee,20.8,9.9,20.3,22.4,6.9,18.0,"11,073","54,538"
48465,Val Verde County,Texas,19.9,18.0,20.3,22.4,6.7,14.1,"11,088","62,498"
22059,LaSalle Parish,Louisiana,27.1,10.1,20.0,22.4,9.0,16.7,"12,939","60,286"
1123,Tallapoosa County,Alabama,12.9,8.2,18.9,22.4,14.1,21.0,"10,297","60,734"
48451,Tom Green County,Texas,21.7,13.7,13.5,22.4,8.4,15.1,"10,966","75,019"
48409,San Patricio County,Texas,29.3,16.8,15.9,22.4,8.7,14.6,"11,957","74,270"
54009,Brooke County,West Virginia,26.7,4.8,13.2,22.4,8.2,22.8,"11,448","60,771"
12111,St. Lucie County,Florida,18.7,13.7,13.3,22.4,8.5,23.8,"11,685","68,673"
21159,Martin County,Kentucky,23.7,6.2,20.0,22.3,11.6,15.7,"9,415","49,051"
22105,Tangipahoa Parish,Louisiana,21.0,9.6,21.4,22.3,10.5,14.0,"13,282","64,903"
13019,Berrien County,Georgia,35.7,22.7,24.2,22.3,12.1,17.6,"11,041","49,598"
54107,Wood County,West Virginia,24.0,5.5,16.8,22.3,9.3,19.9,"10,974","65,002"
48435,Sutton County,Texas,15.3,17.8,13.9,22.3,7.6,18.1,"11,564","66,252"
24510,Baltimore city,Maryland,18.3,6.6,21.2,22.3,11.9,13.6,"12,350","74,246"
26157,Tuscola County,Michigan,15.4,5.2,14.2,22.3,6.9,19.8,"10,413","62,669"
21135,Lewis County,Kentucky,26.8,5.1,24.4,22.3,8.3,17.9,"10,598","47,765"
21085,Grayson County,Kentucky,23.0,5.0,25.4,22.3,8.6,17.2,"10,424","52,937"
47061,Grundy County,Tennessee,19.9,14.6,22.7,22.2,10.5,20.5,"10,065","54,364"
47077,Henderson County,Tennessee,22.8,8.7,18.8,22.2,9.9,17.9,"10,616","56,861"
28067,Jones County,Mississippi,13.2,11.4,21.7,22.2,11.3,16.4,"11,743","59,647"
51730,Petersburg city,Virginia,27.9,12.4,24.1,22.2,11.9,16.7,"11,742","53,064"
54109,Wyoming County,West Virginia,25.8,5.6,22.4,22.2,12.5,20.8,"9,928","55,480"
13021,Bibb County,Georgia,25.0,12.9,24.9,22.2,13.5,15.2,"11,760","63,566"
28021,Claiborne County,Mississippi,20.3,15.6,41.0,22.2,15.9,16.0,"14,942","41,128"
1113,Russell County,Alabama,25.8,11.5,20.7,22.1,10.7,13.9,"10,098","55,932"
40053,Grant County,Oklahoma,20.8,9.9,6.9,22.1,4.6,21.1,"10,777","69,910"
21123,Larue County,Kentucky,17.8,4.2,14.6,22.1,9.0,17.1,"10,031","61,993"
21105,Hickman County,Kentucky,11.8,4.6,14.9,22.1,8.2,24.3,"10,971","66,137"
54029,Hancock County,West Virginia,28.7,6.4,13.9,22.1,9.5,22.6,"11,922","58,679"
47067,Hancock County,Tennessee,22.4,10.8,28.6,22.1,9.2,20.5,"11,644","55,923"
48399,Runnels County,Texas,21.6,13.6,15.3,22.1,7.0,20.6,"13,189","61,133"
48059,Callahan County,Texas,29.6,17.9,10.7,22.1,11.0,20.6,"11,831","62,737"
28111,Perry County,Mississippi,18.6,13.9,19.0,22.1,7.9,17.2,"13,626","59,274"
18027,Daviess County,Indiana,13.3,25.9,11.9,22.1,6.3,15.2,"10,354","68,429"
21195,Pike County,Kentucky,21.5,6.1,24.9,22.1,10.8,18.1,"9,445","52,110"
29093,Iron County,Missouri,21.2,11.3,22.3,22.1,9.7,21.9,"10,012","51,670"
48231,Hunt County,Texas,33.3,16.3,16.1,22.1,8.4,15.8,"12,182","70,122"
5033,Crawford County,Arkansas,19.7,8.1,17.2,22.1,8.1,16.4,"10,392","62,144"
47055,Giles County,Tennessee,23.1,9.3,14.8,22.1,9.6,19.8,"10,888","62,057"
48023,Baylor County,Texas,21.5,14.6,11.7,22.1,8.0,24.2,"13,057","52,436"
39003,Allen County,Ohio,21.3,6.1,13.9,22.1,9.4,17.2,"11,384","65,521"
39031,Coshocton County,Ohio,17.4,10.2,14.4,22.1,7.3,19.0,"10,742","58,516"
18089,Lake County,Indiana,16.7,7.6,15.6,22.1,8.5,16.1,"12,576","73,253"
48441,Taylor County,Texas,30.7,14.0,15.1,22.0,8.9,14.2,"12,264","71,506"
26151,Sanilac County,Michigan,14.3,8.9,15.1,22.0,6.9,21.0,"10,338","60,795"
36005,Bronx County,New York,6.2,8.6,28.0,22.0,9.6,12.5,"11,751","58,740"
54081,Raleigh County,West Virginia,24.8,6.8,18.6,22.0,10.3,20.0,"10,736","60,110"
48153,Floyd County,Texas,26.5,21.5,14.7,22.0,9.5,18.6,"12,111","59,595"
22049,Jackson Parish,Louisiana,21.2,9.1,22.8,22.0,11.3,20.1,"12,398","55,915"
54047,McDowell County,West Virginia,29.8,6.0,33.2,22.0,11.0,20.8,"8,598","37,916"
12029,Dixie County,Florida,23.1,16.2,21.2,22.0,9.9,22.7,"10,805","56,035"
36081,Queens County,New York,3.9,9.5,12.2,22.0,8.3,15.3,"11,038","89,921"
21173,Montgomery County,Kentucky,21.1,6.9,18.2,22.0,9.1,15.8,"9,867","57,732"
21081,Grant County,Kentucky,18.8,4.9,16.4,22.0,9.0,13.6,"11,378","62,680"
21063,Elliott County,Kentucky,30.1,5.1,30.6,22.0,11.5,19.0,"9,416","43,276"
47063,Hamblen County,Tennessee,28.2,11.1,17.3,22.0,8.5,17.9,"9,921","58,713"
13299,Ware County,Georgia,28.1,16.3,24.9,22.0,10.4,16.9,"11,184","52,895"
18021,Clay County,Indiana,20.4,4.0,12.6,22.0,8.1,17.8,"10,032","65,144"
1031,Coffee County,Alabama,16.4,9.8,15.1,22.0,8.7,16.5,"11,117","70,079"
17029,Coles County,Illinois,24.0,6.1,20.8,22.0,7.6,16.5,"10,461","66,458"
47099,Lawrence County,Tennessee,20.9,12.8,17.0,22.0,8.5,17.6,"10,664","56,783"
37153,Richmond County,North Carolina,20.9,11.7,25.2,22.0,11.7,17.4,"10,472","49,668"
13161,Jeff Davis County,Georgia,20.7,18.4,22.0,22.0,10.0,15.1,"10,873","47,619"
28109,Pearl River County,Mississippi,16.8,14.2,17.1,22.0,10.0,18.4,"11,226","61,538"
48363,Palo Pinto County,Texas,32.0,19.5,18.1,21.9,7.6,19.4,"12,407","66,155"
21077,Gallatin County,Kentucky,21.2,8.7,14.8,21.9,9.8,13.7,"12,140","61,571"
54055,Mercer County,West Virginia,20.4,6.3,19.8,21.9,10.9,21.3,"9,298","51,597"
12051,Hendry County,Florida,35.8,25.6,25.3,21.9,7.8,13.1,"10,980","56,396"
48407,San Jacinto County,Texas,27.1,19.5,15.2,21.9,8.8,22.1,"12,642","60,411"
21023,Bracken County,Kentucky,15.1,5.0,17.8,21.9,9.1,16.1,"9,991","59,654"
48395,Robertson County,Texas,26.4,13.3,14.0,21.9,9.9,19.0,"12,955","67,904"
39101,Marion County,Ohio,19.0,5.5,14.8,21.9,8.8,17.3,"11,268","63,207"
48481,Wharton County,Texas,23.9,18.8,17.6,21.9,9.3,16.6,"13,195","67,704"
48293,Limestone County,Texas,31.3,19.0,19.4,21.9,10.0,18.7,"11,538","59,351"
40135,Sequoyah County,Oklahoma,27.5,19.0,21.5,21.9,7.8,18.1,"11,822","52,371"
22009,Avoyelles Parish,Louisiana,20.5,8.3,24.4,21.9,11.8,16.7,"13,217","57,201"
48189,Hale County,Texas,33.0,20.3,16.0,21.9,9.0,13.3,"11,577","60,390"
13071,Colquitt County,Georgia,17.3,21.1,24.9,21.9,10.5,15.3,"12,194","55,000"
42083,McKean County,Pennsylvania,16.7,3.9,16.1,21.9,8.2,19.0,"9,424","64,783"
1069,Houston County,Alabama,13.6,10.5,18.2,21.9,10.8,17.2,"11,083","67,855"
29510,St. Louis city,Missouri,23.9,10.8,21.8,21.9,12.7,13.1,"12,004","64,089"
1041,Crenshaw County,Alabama,14.2,8.7,15.2,21.9,10.1,18.8,"10,228","61,468"
18145,Shelby County,Indiana,22.5,6.9,11.3,21.9,6.9,16.7,"10,460","73,073"
5063,Independence County,Arkansas,30.4,8.7,16.7,21.8,8.4,17.2,"10,586","60,581"
13107,Emanuel County,Georgia,29.9,17.7,22.1,21.8,10.3,15.7,"10,833","50,288"
51169,Scott County,Virginia,23.0,9.5,15.5,21.8,7.5,23.5,"8,751","53,469"
48285,Lavaca County,Texas,18.8,10.1,10.7,21.8,6.7,23.3,"12,214","79,698"
1095,Marshall County,Alabama,22.3,12.3,20.3,21.8,8.2,16.8,"10,745","63,834"
47159,Smith County,Tennessee,21.5,7.6,17.9,21.8,9.8,16.4,"10,738","75,035"
40125,Pottawatomie County,Oklahoma,30.3,14.5,16.2,21.8,7.3,16.0,"11,130","64,015"
21013,Bell County,Kentucky,22.1,5.3,35.5,21.8,10.2,18.6,"9,859","37,783"
51195,Wise County,Virginia,30.0,11.0,22.1,21.7,10.1,17.7,"9,281","52,791"
26063,Huron County,Michigan,10.8,6.0,13.0,21.7,7.1,24.7,"10,164","62,261"
12127,Volusia County,Florida,19.6,11.5,14.3,21.7,8.7,24.2,"11,048","67,025"
18135,Randolph County,Indiana,19.1,9.4,14.7,21.7,9.2,19.7,"9,861","59,581"
42067,Juniata County,Pennsylvania,12.5,10.9,10.8,21.7,6.5,19.9,"9,901","67,641"
20109,Logan County,Kansas,13.1,6.7,8.1,21.7,6.7,20.2,"13,514","66,998"
22023,Cameron Parish,Louisiana,26.3,9.7,9.9,21.7,8.4,16.0,"10,013","74,910"
48037,Bowie County,Texas,29.3,13.8,16.6,21.7,10.0,16.4,"12,095","71,353"
1093,Marion County,Alabama,24.9,8.7,17.5,21.7,9.6,21.1,"10,497","50,367"
28007,Attala County,Mississippi,18.3,10.6,26.7,21.7,13.5,19.0,"11,795","55,059"
34011,Cumberland County,New Jersey,10.4,9.4,16.5,21.7,9.6,14.9,"11,246","72,860"
13205,Mitchell County,Georgia,37.8,17.2,23.1,21.7,11.1,16.1,"11,082","51,694"
47115,Marion County,Tennessee,25.3,8.1,15.4,21.7,9.3,19.5,"10,762","61,823"
1043,Cullman County,Alabama,19.2,11.1,14.9,21.7,8.3,18.2,"10,486","59,909"
20151,Pratt County,Kansas,16.9,7.8,11.7,21.7,6.4,18.9,"10,395","69,382"
13091,Dodge County,Georgia,30.7,10.5,21.8,21.7,9.7,17.5,"11,694","53,758"
48303,Lubbock County,Texas,26.5,13.0,18.9,21.6,8.8,12.2,"12,172","73,239"
22109,Terrebonne Parish,Louisiana,22.3,11.1,20.6,21.6,9.4,13.9,"11,172","69,122"
22083,Richland Parish,Louisiana,31.4,13.2,30.5,21.6,14.2,17.2,"14,134","51,463"
22015,Bossier Parish,Louisiana,23.1,8.5,17.2,21.6,10.7,13.8,"12,205","71,481"
12009,Brevard County,Florida,21.4,10.2,11.8,21.6,7.9,23.4,"11,158","77,091"
12019,Clay County,Florida,17.9,10.3,10.2,21.6,8.2,15.4,"10,876","82,908"
13253,Seminole County,Georgia,16.7,16.0,23.7,21.6,12.9,22.8,"10,947","65,251"
22027,Claiborne Parish,Louisiana,16.6,10.8,33.6,21.6,16.4,18.9,"12,695","43,917"
28041,Greene County,Mississippi,16.0,15.9,18.4,21.6,7.5,13.4,"12,411","56,211"
13315,Wilcox County,Georgia,38.6,17.0,24.2,21.6,12.6,16.6,"11,054","53,060"
37051,Cumberland County,North Carolina,13.7,9.9,18.4,21.6,10.1,11.6,"9,896","61,346"
51570,Colonial Heights city,Virginia,13.1,7.5,12.1,21.6,10.0,20.4,"10,506","68,797"
51580,Covington city,Virginia,34.8,9.9,13.2,21.5,13.7,20.2,"10,002","57,657"
54077,Preston County,West Virginia,25.8,6.2,15.4,21.5,10.1,19.5,"10,296","65,439"
48119,Delta County,Texas,20.3,11.3,20.0,21.5,7.4,20.1,"12,603","70,369"
1111,Randolph County,Alabama,21.4,9.1,16.9,21.5,9.3,20.4,"10,484","58,836"
47053,Gibson County,Tennessee,20.4,8.8,15.8,21.5,9.0,17.7,"10,964","57,623"
34001,Atlantic County,New Jersey,9.4,8.1,13.3,21.5,8.0,17.5,"11,038","86,110"
42047,Elk County,Pennsylvania,9.1,2.9,9.5,21.5,6.5,21.5,"10,200","65,911"
40133,Seminole County,Oklahoma,29.3,19.4,20.4,21.5,7.2,17.7,"11,833","52,767"
13015,Bartow County,Georgia,23.7,14.9,14.0,21.5,7.8,13.7,"10,955","71,769"
18041,Fayette County,Indiana,16.7,9.7,19.0,21.5,7.8,19.6,"9,614","56,682"
26115,Monroe County,Michigan,15.5,4.2,11.1,21.5,7.4,17.5,"10,488","77,703"
51520,Bristol city,Virginia,30.1,10.2,22.6,21.5,7.3,20.4,"10,622","53,193"
48355,Nueces County,Texas,27.8,17.1,16.6,21.5,8.7,14.1,"11,968","74,953"
48503,Young County,Texas,22.9,19.4,12.3,21.5,4.5,20.4,"13,513","67,391"
12091,Okaloosa County,Florida,14.7,11.7,10.9,21.5,8.0,15.7,"10,539","82,171"
48305,Lynn County,Texas,26.8,18.7,18.2,21.5,9.1,16.9,"13,310","65,295"
21075,Fulton County,Kentucky,22.4,5.3,28.2,21.5,10.2,20.1,"11,528","41,296"
5059,Hot Spring County,Arkansas,18.2,7.1,18.0,21.5,9.8,18.7,"10,391","56,264"
22069,Natchitoches Parish,Louisiana,16.0,11.1,32.3,21.5,12.0,16.1,"11,918","47,309"
40067,Jefferson County,Oklahoma,27.9,17.7,21.4,21.5,10.1,20.1,"14,057","60,666"
12033,Escambia County,Florida,18.6,10.3,14.0,21.5,10.3,16.6,"10,847","68,758"
12079,Madison County,Florida,16.8,12.7,27.8,21.5,12.6,20.1,"10,598","51,664"
13287,Turner County,Georgia,35.3,12.9,33.6,21.4,13.7,19.5,"11,008","50,365"
40127,Pushmataha County,Oklahoma,29.0,18.4,20.4,21.4,9.3,22.6,"11,107","54,865"
34013,Essex County,New Jersey,18.9,11.4,15.8,21.4,9.6,13.4,"12,069","103,290"
21203,Rockcastle County,Kentucky,24.6,4.6,20.0,21.4,9.9,17.8,"9,822","51,627"
37171,Surry County,North Carolina,24.4,12.2,16.4,21.4,8.8,20.1,"10,082","61,976"
39059,Guernsey County,Ohio,19.1,7.2,19.9,21.4,8.5,19.1,"9,680","58,828"
22007,Assumption Parish,Louisiana,23.3,8.4,19.2,21.4,10.8,17.4,"10,963","63,643"
40019,Carter County,Oklahoma,18.6,15.2,16.1,21.4,9.1,16.4,"11,419","66,388"
13173,Lanier County,Georgia,36.9,14.6,23.1,21.4,9.0,13.8,"12,147","50,196"
48223,Hopkins County,Texas,19.4,18.5,14.0,21.4,7.7,18.3,"13,632","70,270"
29143,New Madrid County,Missouri,33.1,15.1,22.2,21.4,10.9,18.5,"10,259","50,499"
17115,Macon County,Illinois,25.0,4.5,17.0,21.4,10.0,19.4,"10,301","69,280"
22079,Rapides Parish,Louisiana,22.0,9.9,19.6,21.4,11.4,15.9,"11,394","66,728"
17139,Moultrie County,Illinois,19.4,16.0,7.2,21.4,6.8,18.9,"10,365","73,189"
20065,Graham County,Kansas,16.5,8.1,9.8,21.4,9.2,26.5,"11,768","56,239"
13093,Dooly County,Georgia,38.2,16.7,24.1,21.4,13.5,19.2,"10,741","57,325"
48343,Morris County,Texas,37.4,15.8,17.8,21.4,10.2,21.5,"11,589","55,192"
1053,Escambia County,Alabama,23.8,14.2,22.2,21.4,9.6,17.7,"11,428","50,242"
12047,Hamilton County,Florida,28.7,13.7,29.9,21.4,9.9,17.0,"10,252","51,642"
54025,Greenbrier County,West Virginia,22.2,5.1,16.0,21.4,8.7,22.6,"9,173","55,104"
21001,Adair County,Kentucky,15.3,5.4,20.5,21.4,8.2,18.6,"10,689","53,464"
5137,Stone County,Arkansas,18.7,7.6,19.8,21.3,7.8,26.7,"9,722","49,809"
13239,Quitman County,Georgia,16.7,23.6,20.3,21.3,13.9,24.9,"11,596","44,571"
20135,Ness County,Kansas,15.5,7.9,10.2,21.3,6.8,25.3,"13,749","75,575"
40003,Alfalfa County,Oklahoma,20.9,12.3,9.1,21.3,6.1,19.2,"11,312","81,944"
48055,Caldwell County,Texas,33.9,23.4,18.9,21.3,8.6,13.7,"12,416","73,546"
48095,Concho County,Texas,18.7,12.7,12.2,21.3,8.1,20.0,"12,452","67,689"
20083,Hodgeman County,Kansas,,8.6,11.2,21.3,,22.0,"11,482","72,283"
47051,Franklin County,Tennessee,21.5,8.7,14.4,21.3,8.5,19.4,"10,468","71,134"
26145,Saginaw County,Michigan,15.3,4.5,18.0,21.3,9.6,18.7,"10,626","67,221"
12119,Sumter County,Florida,8.0,5.6,8.2,21.3,9.3,56.7,"10,479","74,605"
22047,Iberville Parish,Louisiana,27.1,9.9,18.2,21.3,12.7,15.2,"13,098","66,504"
22121,West Baton Rouge Parish,Louisiana,21.7,8.2,12.5,21.3,11.2,13.3,"11,661","79,390"
29097,Jasper County,Missouri,19.2,13.1,17.1,21.3,7.1,15.2,"10,547","62,468"
24011,Caroline County,Maryland,18.9,5.6,13.9,21.3,7.2,16.0,"10,332","79,246"
18175,Washington County,Indiana,24.4,8.8,11.9,21.3,7.0,16.7,"9,888","61,872"
40141,Tillman County,Oklahoma,31.8,15.3,19.8,21.3,8.1,19.6,"10,192","56,552"
40137,Stephens County,Oklahoma,27.4,13.5,14.3,21.3,9.1,19.2,"10,228","63,675"
48341,Moore County,Texas,22.6,17.3,12.8,21.3,7.7,10.7,"11,447","67,850"
48123,DeWitt County,Texas,22.2,14.2,16.0,21.3,8.2,19.4,"12,234","82,821"
20021,Cherokee County,Kansas,20.4,11.5,13.1,21.3,8.6,19.0,"10,520","55,245"
48151,Fisher County,Texas,29.8,12.6,15.1,21.3,11.0,22.8,"13,313","65,512"
34021,Mercer County,New Jersey,19.1,7.7,11.6,21.3,8.5,14.9,"11,373","117,651"
17091,Kankakee County,Illinois,15.3,5.2,14.2,21.3,9.1,16.3,"11,653","73,991"
24037,St. Mary's County,Maryland,8.4,5.1,8.1,21.3,6.5,12.5,"9,921","108,493"
37123,Montgomery County,North Carolina,22.9,13.2,17.7,21.2,10.5,19.7,"10,310","62,773"
20205,Wilson County,Kansas,21.7,7.0,14.1,21.2,6.9,21.0,"10,729","65,716"
48009,Archer County,Texas,20.5,12.9,11.9,21.2,6.4,19.5,"12,610","83,749"
48349,Navarro County,Texas,34.1,18.4,17.0,21.2,8.6,16.8,"11,387","65,225"
13229,Pierce County,Georgia,24.0,15.8,22.1,21.2,9.3,16.8,"10,717","59,010"
21161,Mason County,Kentucky,15.3,7.9,17.8,21.2,8.3,17.5,"10,774","70,046"
45031,Darlington County,South Carolina,30.6,10.3,20.0,21.2,12.2,18.4,"10,374","56,028"
48185,Grimes County,Texas,25.7,14.0,17.0,21.2,9.7,16.9,"12,282","77,395"
22077,Pointe Coupee Parish,Louisiana,24.5,9.4,20.9,21.2,10.0,20.2,"11,326","66,680"
28011,Bolivar County,Mississippi,22.9,14.3,35.0,21.2,14.1,15.0,"13,022","47,724"
39135,Preble County,Ohio,15.6,6.4,10.1,21.2,8.3,18.7,"9,896","71,405"
48449,Titus County,Texas,26.9,18.1,17.7,21.2,6.7,14.0,"12,253","62,814"
20209,Wyandotte County,Kansas,24.9,18.0,19.2,21.2,8.8,12.0,"12,107","58,379"
8091,Ouray County,Colorado,8.5,10.0,7.2,2.5,11.9,27.7,"6,232","89,953"
8117,Summit County,Colorado,14.6,16.6,8.0,3.6,12.9,12.8,"6,147","101,084"
8113,San Miguel County,Colorado,5.4,8.7,11.3,3.8,8.8,13.5,"5,559","103,024"
8107,Routt County,Colorado,6.0,7.3,10.9,4.6,9.0,14.6,"6,532","106,451"
8007,Archuleta County,Colorado,13.5,10.7,8.8,4.7,7.7,25.5,"6,450","71,666"
8051,Gunnison County,Colorado,3.5,9.5,13.4,4.7,9.7,13.0,"6,610","77,389"
30057,Madison County,Montana,8.2,9.4,8.4,5.0,6.3,28.9,"7,014","71,087"
53055,San Juan County,Washington,3.2,6.4,10.2,5.0,3.4,32.9,"6,919","94,382"
16081,Teton County,Idaho,11.9,6.8,4.5,5.1,8.3,10.9,"7,722","88,054"
16013,Blaine County,Idaho,7.4,12.8,12.5,5.1,6.8,17.8,"7,828","82,455"
8097,Pitkin County,Colorado,5.9,9.9,6.7,5.1,9.8,17.8,"8,399","123,052"
30097,Sweet Grass County,Montana,8.5,5.8,5.7,5.2,5.5,30.2,"8,829","67,334"
2050,Bethel Census Area,Alaska,8.2,20.3,28.3,5.3,6.5,7.2,"7,755","70,804"
8033,Dolores County,Colorado,14.3,5.3,13.2,5.4,22.4,27.6,"7,561","62,136"
8109,Saguache County,Colorado,11.4,13.3,17.6,5.6,13.7,22.4,"5,622","51,603"
56019,Johnson County,Wyoming,7.5,13.0,12.1,5.7,7.8,22.9,"7,910","81,359"
56039,Teton County,Wyoming,8.7,12.7,6.1,5.7,7.8,14.0,"7,394","132,531"
35003,Catron County,New Mexico,9.5,10.7,16.4,5.7,8.3,37.0,"5,538","50,990"
30067,Park County,Montana,12.7,10.3,12.6,5.8,8.0,21.8,"7,571","73,960"
8037,Eagle County,Colorado,8.7,13.5,8.0,5.8,8.6,10.7,"7,304","118,174"
30033,Garfield County,Montana,,11.5,6.0,5.8,,23.1,"5,882","65,237"
8065,Lake County,Colorado,14.5,14.0,14.6,5.8,12.8,10.6,"7,558","64,892"
2261,Valdez-Cordova,Alaska,13.9,19.2,7.8,5.8,5.1,12.3,"8,139","96,106"
16049,Idaho County,Idaho,6.7,10.9,14.3,5.9,5.2,26.9,"7,785","54,281"
8049,Grand County,Colorado,16.2,13.1,9.5,5.9,11.4,16.7,"8,038","86,284"
56011,Crook County,Wyoming,10.7,8.8,9.1,5.9,6.5,19.1,"7,151","74,378"
2240,Southeast Fairbanks Census Area,Alaska,11.0,17.1,10.9,5.9,3.5,13.6,"5,083","80,810"
30031,Gallatin County,Montana,9.1,7.8,11.3,6.1,7.3,12.2,"7,373","90,411"
2110,Juneau City and Borough,Alaska,7.9,10.5,7.7,6.1,5.2,12.5,"7,025","107,328"
48243,Jeff Davis County,Texas,16.7,16.9,3.9,6.2,,34.0,"6,559","57,275"
49025,Kane County,Utah,10.8,13.7,12.4,6.2,7.1,22.5,"7,425","65,456"
8029,Delta County,Colorado,4.2,8.5,18.3,6.2,9.1,25.3,"6,851","65,899"
8027,Custer County,Colorado,10.8,16.2,12.7,6.2,14.1,36.0,"5,809","64,037"
30025,Fallon County,Montana,8.0,10.6,8.9,6.2,7.3,17.8,"9,410","80,843"
16021,Boundary County,Idaho,4.2,16.9,19.3,6.2,5.1,21.3,"6,735","64,115"
6051,Mono County,California,6.0,16.1,12.1,6.3,8.3,14.3,"7,660","84,427"
49001,Beaver County,Utah,14.3,12.7,9.1,6.3,7.5,14.2,"9,430","66,772"
30039,Granite County,Montana,15.2,6.9,7.9,6.3,7.0,29.1,"7,263","74,718"
27031,Cook County,Minnesota,1.5,6.6,12.6,6.3,9.4,27.3,"8,760","69,447"
56035,Sublette County,Wyoming,13.0,14.0,10.2,6.3,7.3,17.8,"7,284","92,755"
46055,Haakon County,South Dakota,2.4,11.0,12.2,6.3,,21.0,"9,606","60,639"
30001,Beaverhead County,Montana,12.3,8.1,17.7,6.4,8.0,21.3,"8,433","64,856"
8085,Montrose County,Colorado,6.7,10.6,15.1,6.4,7.7,23.1,"6,322","66,576"
30043,Jefferson County,Montana,7.1,6.1,7.8,6.4,7.6,20.5,"6,866","83,162"
8015,Chaffee County,Colorado,6.2,10.0,9.8,6.4,8.7,25.0,"7,744","70,142"
31045,Dawes County,Nebraska,6.5,9.7,14.7,6.5,6.2,18.3,"7,690","61,430"
31135,Perkins County,Nebraska,3.7,4.8,5.0,6.6,9.3,23.0,"10,033","84,188"
2070,Dillingham Census Area,Alaska,8.2,20.9,17.2,6.7,5.9,10.1,"9,206","72,576"
30011,Carter County,Montana,,20.4,13.1,6.7,,22.6,"7,160","64,512"
16061,Lewis County,Idaho,9.6,15.1,16.2,6.7,8.2,24.7,"7,542","54,285"
31165,Sioux County,Nebraska,10.5,8.0,8.5,6.8,,22.1,"6,903","64,729"
27125,Red Lake County,Minnesota,0.8,3.6,10.5,6.8,5.6,20.0,"5,873","70,897"
8079,Mineral County,Colorado,,9.1,13.7,6.8,,26.8,"8,296","74,266"
56033,Sheridan County,Wyoming,10.9,10.6,5.9,6.8,6.5,20.5,"6,641","80,525"
49033,Rich County,Utah,10.5,10.9,12.4,6.9,5.8,21.1,"7,359","77,129"
56023,Lincoln County,Wyoming,7.9,13.7,8.2,6.9,8.7,16.7,"8,465","80,323"
41027,Hood River County,Oregon,3.0,8.4,6.2,6.9,5.5,15.6,"7,001","89,693"
16003,Adams County,Idaho,10.1,12.0,12.1,6.9,9.8,29.5,"7,318","62,433"
2158,Kusilvak Census Area,Alaska,3.2,19.9,39.0,7.0,6.4,5.5,"8,366","47,654"
41037,Lake County,Oregon,10.7,7.6,18.4,7.0,9.1,24.6,"8,162","54,245"
2100,Haines Borough,Alaska,4.2,13.4,11.3,7.0,,25.1,"8,910","72,356"
8093,Park County,Colorado,9.5,8.9,7.3,7.1,11.9,20.0,"6,621","88,346"
16037,Custer County,Idaho,7.9,9.2,18.4,7.1,6.5,32.8,"8,160","52,046"
56007,Carbon County,Wyoming,18.3,10.9,12.4,7.1,9.5,16.3,"6,953","71,697"
49037,San Juan County,Utah,10.4,21.9,25.0,7.1,6.9,13.7,"9,515","59,506"
16025,Camas County,Idaho,,12.1,15.6,7.1,,18.8,"8,890","72,695"
30101,Toole County,Montana,12.8,8.0,12.3,7.1,9.7,16.9,"7,538","68,818"
30091,Sheridan County,Montana,8.2,9.0,10.1,7.2,7.1,23.2,"9,035","76,853"
30061,Mineral County,Montana,13.2,7.7,18.6,7.2,8.1,28.1,"7,843","53,168"
53031,Jefferson County,Washington,2.6,5.4,13.0,7.2,5.7,35.3,"6,606","76,400"
56013,Fremont County,Wyoming,23.4,18.3,13.0,7.2,8.8,17.9,"7,900","73,599"
49017,Garfield County,Utah,12.2,15.8,16.5,7.2,7.3,21.8,"7,175","66,093"
2195,Petersburg Borough,Alaska,,9.6,5.7,7.2,,22.0,"9,373","92,572"
30081,Ravalli County,Montana,12.1,10.9,12.3,7.3,7.0,25.1,"7,149","70,220"
16017,Bonner County,Idaho,5.5,10.3,14.6,7.4,6.5,23.8,"6,931","66,370"
30007,Broadwater County,Montana,7.9,7.2,8.5,7.4,3.6,23.4,"7,072","75,505"
41069,Wheeler County,Oregon,,5.2,14.0,7.4,,35.8,"6,410","48,248"
30065,Musselshell County,Montana,12.4,6.8,12.7,7.4,8.5,25.9,"8,568","55,725"
30009,Carbon County,Montana,10.6,6.9,9.7,7.5,5.6,25.0,"7,988","71,282"
30089,Sanders County,Montana,8.4,11.5,15.9,7.6,8.5,30.0,"6,841","56,419"
31115,Loup County,Nebraska,,5.1,8.6,7.6,,24.5,"9,576","59,443"
16029,Caribou County,Idaho,13.7,7.7,8.8,7.6,8.9,16.7,"10,784","72,773"
41003,Benton County,Oregon,4.1,5.1,19.1,7.6,5.3,15.5,"6,576","84,074"
38027,Eddy County,North Dakota,5.4,5.9,10.8,7.6,6.1,24.9,"6,278","77,286"
48211,Hemphill County,Texas,17.1,23.7,8.2,7.6,4.7,13.2,"7,092","93,374"
53037,Kittitas County,Washington,5.7,6.2,18.0,7.6,6.0,15.7,"7,428","70,805"
2150,Kodiak Island Borough,Alaska,9.5,17.2,7.8,7.7,4.8,9.8,"8,008","94,946"
30079,Prairie County,Montana,,4.0,13.3,7.7,,28.0,"6,532","64,764"
53019,Ferry County,Washington,4.3,7.2,17.3,7.8,7.0,25.4,"6,531","60,967"
8047,Gilpin County,Colorado,11.0,5.7,4.9,7.8,13.8,17.9,"8,908","103,719"
8077,Mesa County,Colorado,7.0,9.7,14.2,7.8,8.2,18.6,"7,195","71,408"
16057,Latah County,Idaho,6.8,6.5,18.1,7.8,5.6,13.0,"7,094","66,546"
30059,Meagher County,Montana,12.3,13.0,11.9,7.9,,24.0,"9,748","59,768"
8023,Costilla County,Colorado,10.0,11.5,27.3,7.9,18.4,27.3,"6,973","46,633"
53039,Klickitat County,Washington,3.3,6.9,15.6,7.9,7.1,23.6,"7,359","72,216"
4023,Santa Cruz County,Arizona,12.4,10.2,23.3,7.9,6.8,17.3,"6,019","61,551"
46081,Lawrence County,South Dakota,3.2,9.3,12.7,7.9,8.2,21.1,"6,857","71,800"
2290,Yukon-Koyukuk Census Area,Alaska,19.3,27.1,25.4,7.9,4.9,14.3,"6,470","53,438"
49043,Summit County,Utah,9.0,6.7,5.6,7.9,9.0,11.8,"7,580","156,817"
16015,Boise County,Idaho,12.3,11.3,10.7,7.9,6.6,24.9,"7,070","72,816"
35049,Santa Fe County,New Mexico,14.8,10.8,12.8,8.0,10.8,23.1,"6,525","88,441"
8067,La Plata County,Colorado,10.3,8.4,9.1,8.0,7.9,16.5,"6,808","94,761"
53051,Pend Oreille County,Washington,5.0,5.8,12.7,8.0,7.1,25.7,"6,894","64,996"
31007,Banner County,Nebraska,,4.2,5.8,8.0,,21.5,"11,111","67,962"
6003,Alpine County,California,,8.9,19.7,8.1,,29.9,"7,856","97,724"
41023,Grant County,Oregon,9.6,5.5,18.1,8.1,7.0,29.2,"7,497","58,025"
8083,Montezuma County,Colorado,10.3,12.1,15.1,8.1,9.0,21.5,"6,960","61,197"
2016,Aleutians West Census Area,Alaska,19.5,17.5,6.8,8.2,6.7,6.1,"6,416","101,964"
31161,Sheridan County,Nebraska,11.5,12.4,17.1,8.2,5.0,25.3,"9,068","66,307"
49051,Wasatch County,Utah,13.1,8.1,5.9,8.2,6.9,11.1,"7,959","110,577"
2090,Fairbanks North Star Borough,Alaska,16.8,9.8,8.0,8.2,5.9,9.8,"6,104","96,615"
30103,Treasure County,Montana,13.0,4.9,17.2,8.2,,28.7,"7,802","58,435"
30037,Golden Valley County,Montana,,10.2,16.6,8.2,,25.4,"5,919","62,931"
30063,Missoula County,Montana,11.7,6.7,14.3,8.2,7.1,15.0,"7,493","74,060"
35055,Taos County,New Mexico,12.2,9.7,18.3,8.2,11.0,25.3,"6,182","58,045"
49055,Wayne County,Utah,11.0,15.5,9.6,8.2,11.3,20.5,"8,824","55,699"
8003,Alamosa County,Colorado,10.5,12.2,23.5,8.2,10.6,13.2,"8,280","56,513"
30055,McCone County,Montana,5.8,6.7,6.2,8.2,,25.1,"8,420","68,249"
6093,Siskiyou County,California,11.2,5.9,18.8,8.3,8.6,24.7,"6,869","64,251"
46071,Jackson County,South Dakota,3.6,27.1,45.4,8.3,6.7,14.3,"9,780","44,355"
30071,Phillips County,Montana,7.7,16.2,12.4,8.4,5.9,22.3,"7,901","59,382"
16059,Lemhi County,Idaho,9.1,11.7,12.1,8.4,6.6,29.3,"7,684","53,967"
30095,Stillwater County,Montana,8.9,6.3,7.2,8.4,8.6,22.0,"8,014","79,373"
41001,Baker County,Oregon,12.9,8.4,12.4,8.5,7.0,25.9,"6,992","63,855"
35033,Mora County,New Mexico,15.9,5.0,20.0,8.5,6.9,30.4,"5,215","43,961"
41063,Wallowa County,Oregon,3.7,4.6,13.6,8.5,5.3,28.2,"8,189","66,631"
30053,Lincoln County,Montana,12.3,10.7,17.4,8.5,6.5,27.7,"7,297","58,054"
49019,Grand County,Utah,10.7,17.1,9.1,8.5,7.1,17.7,"8,339","61,957"
8103,Rio Blanco County,Colorado,6.5,8.4,10.6,8.6,8.8,15.2,"11,045","68,199"
8017,Cheyenne County,Colorado,8.0,11.7,10.2,8.6,,16.5,"11,099","70,046"
27071,Koochiching County,Minnesota,1.4,3.3,13.6,8.6,6.9,24.4,"8,101","65,070"
2198,Prince of Wales-Hyder Census Area,Alaska,5.8,24.7,17.3,8.6,4.6,16.0,"8,043","66,387"
35017,Grant County,New Mexico,17.1,3.7,24.0,8.6,10.4,26.6,"7,207","56,893"
32015,Lander County,Nevada,25.8,6.7,9.7,8.6,10.3,14.1,"8,866","84,729"
8081,Moffat County,Colorado,12.8,15.6,17.0,8.7,8.3,13.8,"9,382","70,569"
48043,Brewster County,Texas,22.0,16.0,14.0,8.7,5.8,22.4,"6,661","63,082"
53029,Island County,Washington,3.7,4.9,7.8,8.7,5.1,24.0,"6,840","86,613"
16041,Franklin County,Idaho,11.0,10.9,10.4,8.7,8.2,13.8,"8,800","73,488"
8063,Kit Carson County,Colorado,14.5,9.1,6.1,8.8,7.7,18.3,"9,789","69,660"
49013,Duchesne County,Utah,18.6,13.5,13.7,8.8,7.5,11.4,"7,201","72,088"
53043,Lincoln County,Washington,3.0,3.8,12.5,8.8,5.5,25.5,"8,976","67,879"
30045,Judith Basin County,Montana,3.6,8.1,12.7,8.8,,22.7,"6,460","61,197"
2122,Kenai Peninsula Borough,Alaska,13.9,16.0,12.1,8.8,4.9,16.5,"7,586","85,348"
27077,Lake of the Woods County,Minnesota,1.3,2.9,10.7,8.8,4.3,23.5,"8,441","59,407"
15007,Kauai County,Hawaii,4.4,5.0,8.1,8.9,7.8,19.3,"5,920","96,091"
50001,Addison County,Vermont,2.9,4.3,7.2,8.9,6.5,19.2,"6,425","84,865"
30075,Powder River County,Montana,,6.8,12.8,8.9,,27.4,"5,769","68,431"
20157,Republic County,Kansas,7.1,5.1,10.8,8.9,7.9,27.4,"9,802","58,436"
16023,Butte County,Idaho,13.5,15.5,18.0,8.9,7.2,20.8,"10,280","69,040"
50025,Windham County,Vermont,6.8,5.2,13.7,8.9,7.4,21.9,"8,185","71,700"
53065,Stevens County,Washington,3.1,7.0,14.2,9.0,6.2,22.5,"7,466","66,675"
16085,Valley County,Idaho,6.9,11.4,7.2,9.0,5.3,27.5,"7,424","86,047"
8013,Boulder County,Colorado,8.9,4.6,11.7,9.0,8.1,13.7,"8,676","115,966"
30029,Flathead County,Montana,6.1,8.7,10.9,9.0,6.4,18.7,"7,618","76,591"
30105,Valley County,Montana,7.7,8.4,11.1,9.0,6.0,22.2,"8,082","63,373"
32017,Lincoln County,Nevada,15.8,9.4,5.5,9.0,6.3,21.9,"7,842","66,310"
56045,Weston County,Wyoming,11.4,11.8,14.5,9.1,5.9,19.4,"9,042","68,877"
19101,Jefferson County,Iowa,18.1,4.6,12.1,9.1,5.9,21.6,"8,597","68,141"
56017,Hot Springs County,Wyoming,13.5,14.0,15.2,9.1,7.4,24.0,"8,967","66,157"
41025,Harney County,Oregon,6.9,5.9,10.5,9.1,6.0,23.9,"7,855","59,279"
6049,Modoc County,California,15.6,12.5,18.8,9.1,7.0,27.0,"7,628","53,699"
2180,Nome Census Area,Alaska,10.1,20.7,21.5,9.1,6.0,7.0,"11,466","76,581"
50015,Lamoille County,Vermont,6.4,5.0,13.6,9.1,6.3,16.7,"7,122","86,436"
30049,Lewis and Clark County,Montana,9.5,5.7,10.4,9.1,7.2,18.0,"7,550","81,455"
35059,Union County,New Mexico,12.3,13.9,19.4,9.1,7.3,19.7,"8,329","55,998"
19191,Winneshiek County,Iowa,4.2,1.9,8.2,9.1,5.6,20.0,"7,695","77,597"
53047,Okanogan County,Washington,2.8,11.4,19.5,9.2,7.0,21.1,"7,399","59,547"
46093,Meade County,South Dakota,2.5,10.0,6.9,9.2,7.7,15.1,"7,681","70,606"
46073,Jerauld County,South Dakota,0.0,7.3,7.9,9.2,,29.6,"8,963","92,714"
35053,Socorro County,New Mexico,15.9,8.2,29.7,9.2,8.2,18.9,"6,794","54,875"
56027,Niobrara County,Wyoming,23.5,14.4,20.1,9.2,,22.8,"10,622","54,980"
17085,Jo Daviess County,Illinois,8.3,5.1,8.5,9.2,6.9,27.2,"7,842","74,630"
50005,Caledonia County,Vermont,13.9,4.6,12.6,9.2,6.5,20.0,"7,693","69,923"
2220,Sitka City and Borough,Alaska,9.1,16.3,8.7,9.2,4.8,15.2,"12,408","90,196"
49023,Juab County,Utah,11.0,11.8,12.6,9.2,6.3,11.7,"9,421","73,358"
41041,Lincoln County,Oregon,4.4,9.4,16.3,9.3,7.5,27.9,"7,329","61,968"
38019,Cavalier County,North Dakota,3.2,5.0,11.0,9.3,10.3,27.1,"7,521","96,680"
16009,Benewah County,Idaho,8.1,11.4,17.3,9.3,6.8,22.2,"7,872","56,776"
8045,Garfield County,Colorado,11.4,16.0,8.6,9.3,8.7,12.7,"8,255","90,090"
8119,Teller County,Colorado,10.3,8.6,8.2,9.3,13.6,21.1,"7,106","84,460"
16007,Bear Lake County,Idaho,7.3,5.7,16.8,9.3,9.2,20.6,"9,420","66,372"
46047,Fall River County,South Dakota,4.5,7.1,14.0,9.3,8.1,27.6,"7,895","60,879"
31049,Deuel County,Nebraska,7.4,15.1,8.8,9.3,,23.5,"10,897","58,781"
31171,Thomas County,Nebraska,,2.8,8.4,9.3,,21.2,"7,093","82,762"
31103,Keya Paha County,Nebraska,,6.4,7.5,9.3,,24.1,"8,251","71,348"
46111,Sanborn County,South Dakota,6.8,7.0,8.8,9.3,5.3,19.9,"7,895","78,357"
16035,Clearwater County,Idaho,6.3,11.7,12.8,9.4,6.0,26.7,"7,473","56,978"
6045,Mendocino County,California,12.6,8.6,17.8,9.4,6.6,21.2,"7,554","70,648"
56015,Goshen County,Wyoming,18.2,11.3,11.5,9.4,7.9,21.6,"7,911","68,090"
46019,Butte County,South Dakota,3.9,14.5,11.4,9.4,7.7,19.9,"6,488","64,689"
27153,Todd County,Minnesota,1.7,8.8,11.9,9.4,5.2,20.9,"9,033","65,828"
2060,Bristol Bay Borough,Alaska,,20.5,7.2,9.4,,9.9,"12,784","96,032"
32009,Esmeralda County,Nevada,,11.9,8.9,9.4,,28.5,"7,022","50,154"
35028,Los Alamos County,New Mexico,5.9,3.2,4.4,9.4,8.1,17.5,"6,467","141,162"
38013,Burke County,North Dakota,2.9,5.4,5.9,9.4,5.7,16.9,"9,520","93,941"
56009,Converse County,Wyoming,21.0,8.7,9.6,9.5,8.6,16.6,"9,877","81,708"
56029,Park County,Wyoming,14.1,11.5,8.4,9.5,7.6,22.2,"7,540","82,323"
49031,Piute County,Utah,,19.7,17.1,9.5,,24.6,"7,478","57,805"
49039,Sanpete County,Utah,16.3,10.3,15.0,9.5,7.8,13.7,"8,398","67,713"
41057,Tillamook County,Oregon,6.9,7.0,13.1,9.5,5.9,24.9,"7,592","64,604"
8115,Sedgwick County,Colorado,13.2,9.0,19.0,9.5,6.3,23.1,"9,604","64,634"
27067,Kandiyohi County,Minnesota,2.0,6.6,10.5,9.6,5.6,18.3,"8,455","76,555"
56037,Sweetwater County,Wyoming,22.3,11.3,11.5,9.6,10.1,11.4,"8,116","85,346"
50019,Orleans County,Vermont,5.6,3.5,13.1,9.6,7.5,22.1,"7,236","62,234"
55049,Iowa County,Wisconsin,8.1,3.7,8.8,9.6,6.5,18.0,"7,114","81,477"
46033,Custer County,South Dakota,2.7,9.3,13.8,9.6,7.6,29.0,"7,536","73,793"
35039,Rio Arriba County,New Mexico,20.7,9.1,24.0,9.6,11.8,18.7,"6,768","57,304"
31179,Wayne County,Nebraska,3.9,3.6,12.2,9.6,5.5,15.5,"8,490","69,654"
51091,Highland County,Virginia,6.9,10.8,10.1,9.7,,38.9,"8,292","63,998"
35027,Lincoln County,New Mexico,20.0,10.5,10.6,9.7,9.1,28.1,"7,351","66,092"
41017,Deschutes County,Oregon,5.3,7.6,10.8,9.7,6.7,19.6,"7,359","86,719"
4005,Coconino County,Arizona,15.6,11.2,17.6,9.7,7.9,12.0,"7,881","77,638"
46123,Tripp County,South Dakota,2.8,6.7,19.5,9.7,7.7,22.2,"9,081","64,130"
49027,Millard County,Utah,15.1,13.5,12.6,9.7,7.4,16.7,"8,210","75,015"
30047,Lake County,Montana,11.4,14.2,19.4,9.7,8.4,21.4,"8,422","63,517"
50013,Grand Isle County,Vermont,3.8,3.6,7.5,9.7,4.8,20.0,"6,643","92,902"
38023,Divide County,North Dakota,1.5,10.2,9.0,9.7,,26.6,"10,773","88,558"
31095,Jefferson County,Nebraska,5.8,5.6,11.2,9.8,6.6,23.6,"9,452","57,938"
55025,Dane County,Wisconsin,5.3,3.9,10.9,9.8,7.0,13.2,"7,257","96,542"
8055,Huerfano County,Colorado,14.6,9.6,15.8,9.8,9.2,31.2,"7,453","50,466"
38095,Towner County,North Dakota,4.9,11.7,10.4,9.8,,22.6,"10,422","77,897"
8021,Conejos County,Colorado,8.5,10.5,21.7,9.8,11.3,18.6,"8,441","50,114"
8121,Washington County,Colorado,18.1,4.7,11.8,9.8,7.3,20.1,"7,936","66,293"
19167,Sioux County,Iowa,4.1,4.2,6.3,9.8,5.0,15.2,"8,990","82,322"
27001,Aitkin County,Minnesota,1.5,4.1,12.2,9.8,4.9,32.5,"7,981","62,069"
31031,Cherry County,Nebraska,4.6,5.9,7.8,9.8,6.6,20.7,"9,324","67,218"
55021,Columbia County,Wisconsin,9.1,4.9,7.1,9.8,6.1,17.4,"7,478","83,215"
19177,Van Buren County,Iowa,12.1,11.8,12.8,9.9,3.7,22.1,"10,170","65,542"
27039,Dodge County,Minnesota,1.6,4.4,5.1,9.9,5.4,14.4,"7,909","90,314"
27023,Chippewa County,Minnesota,1.9,7.8,9.3,9.9,5.2,20.9,"9,504","70,772"
46075,Jones County,South Dakota,,15.0,12.4,9.9,,23.1,"7,643","55,466"
2020,Anchorage Municipality,Alaska,15.5,11.2,9.0,9.9,6.4,10.5,"7,520","109,988"
56043,Washakie County,Wyoming,13.0,15.0,10.5,9.9,7.8,21.1,"9,764","65,496"
46105,Perkins County,South Dakota,5.0,8.9,9.2,9.9,6.2,24.0,"7,356","75,636"
50017,Orange County,Vermont,3.5,4.8,9.7,9.9,7.4,20.5,"7,957","73,330"
53059,Skamania County,Washington,6.2,4.0,12.8,9.9,6.6,19.9,"7,271","77,041"
19157,Poweshiek County,Iowa,10.7,5.7,9.9,10.0,6.9,20.2,"8,116","74,234"
16045,Gem County,Idaho,15.3,17.3,17.0,10.0,7.9,21.2,"8,004","57,326"
27129,Renville County,Minnesota,3.9,5.5,10.0,10.0,7.9,20.5,"9,774","73,001"
32029,Storey County,Nevada,19.5,10.1,8.2,10.0,,28.6,"7,915","92,393"
19005,Allamakee County,Iowa,16.4,7.6,11.0,10.0,5.2,22.3,"7,693","65,543"
30021,Dawson County,Montana,15.5,4.1,11.1,10.0,6.6,18.6,"7,921","72,049"
30087,Rosebud County,Montana,17.2,18.8,17.0,10.0,8.6,14.8,"9,020","68,763"
6087,Santa Cruz County,California,6.4,5.1,13.1,10.1,5.8,15.8,"7,224","115,265"
38039,Griggs County,North Dakota,6.7,2.3,7.9,10.1,,29.7,"8,601","75,426"
35043,Sandoval County,New Mexico,16.1,8.8,12.7,10.1,9.5,17.1,"7,743","79,179"
50007,Chittenden County,Vermont,2.6,3.1,12.1,10.1,6.4,14.6,"7,134","94,925"
20143,Ottawa County,Kansas,21.3,6.2,9.9,10.1,5.8,19.9,"9,902","70,565"
49029,Morgan County,Utah,3.1,5.9,2.8,10.1,6.9,11.4,"9,412","110,246"
32013,Humboldt County,Nevada,20.2,12.1,13.3,10.2,7.5,13.4,"8,058","84,751"
20045,Douglas County,Kansas,12.1,7.1,18.0,10.2,7.1,11.8,"8,514","80,284"
41013,Crook County,Oregon,6.4,7.0,13.5,10.2,7.1,24.8,"7,773","64,440"
27149,Stevens County,Minnesota,1.9,2.2,12.4,10.2,5.2,16.8,"11,541","84,607"
50027,Windsor County,Vermont,7.5,4.8,9.2,10.2,7.4,22.7,"8,312","80,880"
31039,Cuming County,Nebraska,3.9,7.5,6.9,10.2,5.3,21.7,"9,342","70,360"
27097,Morrison County,Minnesota,3.3,4.9,10.2,10.2,5.4,19.0,"7,982","72,207"
6105,Trinity County,California,12.4,10.5,19.0,10.2,6.2,26.9,"7,269","54,714"
16043,Fremont County,Idaho,10.9,12.0,13.0,10.2,6.4,17.0,"8,279","68,783"
33019,Sullivan County,New Hampshire,6.4,7.0,11.7,10.2,7.1,20.8,"8,277","78,324"
49009,Daggett County,Utah,,2.3,3.5,10.2,,12.6,"11,762","80,329"
56041,Uinta County,Wyoming,16.2,11.2,11.3,10.3,10.0,13.0,"7,766","74,938"
41021,Gilliam County,Oregon,5.6,7.0,10.4,10.3,11.2,25.3,"6,478","57,569"
2013,Aleutians East Borough,Alaska,,46.3,13.8,10.3,,9.4,"7,365","79,535"
8057,Jackson County,Colorado,,6.1,9.6,10.3,18.0,28.3,"7,639","64,192"
41015,Curry County,Oregon,5.2,6.1,12.4,10.3,5.9,33.7,"7,148","62,649"
35057,Torrance County,New Mexico,21.1,6.0,23.7,10.3,9.6,20.1,"6,772","50,947"
56001,Albany County,Wyoming,15.9,8.2,20.7,10.3,8.3,11.3,"7,479","68,577"
55043,Grant County,Wisconsin,11.1,6.2,15.2,10.3,5.8,16.9,"7,520","66,718"
2130,Ketchikan Gateway Borough,Alaska,6.8,11.4,9.6,10.3,6.9,14.9,"8,612","92,764"
8105,Rio Grande County,Colorado,12.4,10.8,17.0,10.3,11.7,19.4,"8,425","57,761"
33009,Grafton County,New Hampshire,5.5,7.1,9.6,10.3,6.7,20.0,"8,238","91,122"
8125,Yuma County,Colorado,13.6,9.0,14.0,10.3,6.6,18.2,"9,573","68,157"
55007,Bayfield County,Wisconsin,8.9,6.5,11.0,10.3,5.2,26.9,"7,885","69,327"
16031,Cassia County,Idaho,18.4,13.5,14.3,10.3,7.3,13.8,"8,219","66,145"
8071,Las Animas County,Colorado,25.0,8.5,18.5,10.3,10.3,23.7,"7,643","56,571"
6041,Marin County,California,5.4,3.5,7.2,10.3,5.9,21.6,"7,957","176,019"
25019,Nantucket County,Massachusetts,2.0,4.4,8.7,10.3,5.7,14.6,"7,807","147,953"
55093,Pierce County,Wisconsin,4.7,4.6,9.3,10.4,5.7,14.3,"8,289","87,038"
19131,Mitchell County,Iowa,13.0,6.0,6.9,10.4,5.1,21.7,"8,610","70,494"
27061,Itasca County,Minnesota,1.3,5.3,12.2,10.4,7.0,22.6,"8,499","69,888"
27045,Fillmore County,Minnesota,4.1,9.2,10.7,10.4,4.6,20.5,"7,505","74,416"
2185,North Slope Borough,Alaska,12.7,18.6,10.1,10.4,6.2,6.9,"14,530","94,169"
6063,Plumas County,California,12.7,3.1,12.1,10.4,9.3,27.1,"8,152","77,027"
27043,Faribault County,Minnesota,5.8,4.9,11.5,10.4,5.9,22.7,"9,073","66,870"
35023,Hidalgo County,New Mexico,19.4,4.2,25.8,10.4,13.3,21.2,"8,557","53,273"
16065,Madison County,Idaho,5.9,5.9,30.9,10.4,5.6,6.6,"8,610","54,512"
8019,Clear Creek County,Colorado,13.0,9.9,7.8,10.4,10.0,19.4,"7,242","84,430"
8069,Larimer County,Colorado,11.0,5.9,11.6,10.5,8.6,15.1,"8,538","93,301"
55023,Crawford County,Wisconsin,8.5,5.8,12.4,10.5,6.6,22.6,"8,008","66,507"
27135,Roseau County,Minnesota,2.6,3.9,8.1,10.5,5.7,16.7,"8,883","75,604"
16067,Minidoka County,Idaho,16.2,18.2,16.7,10.5,7.5,15.8,"8,487","67,816"
27075,Lake County,Minnesota,1.3,4.2,8.7,10.5,6.0,25.7,"9,094","72,710"
30107,Wheatland County,Montana,8.9,13.3,15.3,10.5,6.5,20.2,"11,525","54,148"
46117,Stanley County,South Dakota,5.3,3.8,4.7,10.5,5.7,21.6,"7,221","97,659"
53057,Skagit County,Washington,4.3,7.3,12.0,10.5,5.8,20.3,"8,375","84,676"
19053,Decatur County,Iowa,8.6,9.3,18.4,10.6,6.6,19.6,"8,054","56,959"
53067,Thurston County,Washington,5.9,4.8,10.4,10.6,6.3,16.8,"7,357","87,696"
56031,Platte County,Wyoming,16.6,11.3,13.9,10.6,7.8,23.9,"9,281","77,665"
4001,Apache County,Arizona,15.9,25.1,35.5,10.6,7.3,15.0,"9,411","44,477"
46043,Douglas County,South Dakota,0.0,13.6,6.3,10.6,5.1,23.5,"9,191","75,332"
4009,Graham County,Arizona,23.8,6.9,22.6,10.6,8.0,13.7,"7,763","60,143"
49047,Uintah County,Utah,17.4,15.1,12.6,10.6,7.9,10.2,"8,247","81,018"
23023,Sagadahoc County,Maine,23.7,6.5,9.6,10.6,6.5,21.8,"8,215","76,602"
49041,Sevier County,Utah,14.7,11.2,14.9,10.6,8.2,16.0,"8,282","66,377"
27111,Otter Tail County,Minnesota,2.6,4.8,9.3,10.6,5.5,23.3,"8,200","74,388"
56025,Natrona County,Wyoming,22.0,13.3,9.4,10.7,9.6,14.4,"9,178","80,679"
55013,Burnett County,Wisconsin,6.6,6.9,12.4,10.7,4.6,28.0,"8,313","65,359"
27051,Grant County,Minnesota,1.9,5.0,9.6,10.7,8.0,23.3,"9,177","74,166"
30027,Fergus County,Montana,10.0,9.2,15.8,10.7,6.7,23.2,"7,360","67,775"
53009,Clallam County,Washington,3.1,7.6,14.5,10.7,6.0,28.8,"7,361","67,839"
20123,Mitchell County,Kansas,11.8,7.8,14.8,10.7,6.5,23.6,"11,195","59,393"
30093,Silver Bow County,Montana,11.8,5.3,17.4,10.7,8.9,18.7,"7,715","62,015"
19059,Dickinson County,Iowa,4.0,4.1,8.2,10.7,6.3,25.5,"7,729","82,196"
55123,Vernon County,Wisconsin,7.8,13.5,16.1,10.7,5.1,19.0,"8,024","65,262"
30077,Powell County,Montana,14.2,6.4,11.7,10.7,6.8,20.0,"8,398","65,914"
31123,Morrill County,Nebraska,11.2,9.3,8.7,10.7,8.9,20.1,"11,315","63,698"
41049,Morrow County,Oregon,4.8,9.5,14.5,10.8,6.9,15.6,"8,906","67,972"
19029,Cass County,Iowa,14.7,4.4,13.8,10.8,5.4,22.6,"9,130","61,734"
55103,Richland County,Wisconsin,6.6,8.2,14.1,10.8,5.4,22.0,"8,118","64,330"
46011,Brookings County,South Dakota,2.8,6.2,14.7,10.8,5.1,11.7,"7,567","72,925"
16073,Owyhee County,Idaho,21.7,21.6,16.1,10.8,7.5,18.0,"7,656","60,798"
15001,Hawaii County,Hawaii,6.2,4.9,15.6,10.8,8.3,20.2,"5,793","82,222"
30073,Pondera County,Montana,12.4,8.5,19.3,10.8,7.6,20.0,"9,538","68,355"
41055,Sherman County,Oregon,9.2,9.0,13.4,10.8,,26.1,"7,296","67,208"
46015,Brule County,South Dakota,1.8,6.8,13.5,10.8,6.0,17.7,"8,945","79,750"
46051,Grant County,South Dakota,2.3,6.9,9.1,10.8,5.0,20.5,"9,290","72,741"
2164,Lake and Peninsula Borough,Alaska,,33.4,16.5,10.8,5.9,7.8,"8,693","58,583"
27115,Pine County,Minnesota,2.9,5.9,11.0,10.8,6.8,20.1,"8,918","66,227"
19001,Adair County,Iowa,11.2,4.4,10.9,10.8,5.9,22.1,"9,067","68,186"
15009,Maui County,Hawaii,7.8,5.0,9.3,10.8,7.8,17.5,"7,094","102,759"
31033,Cheyenne County,Nebraska,11.3,6.0,9.6,10.8,8.7,18.5,"9,506","67,772"
36041,Hamilton County,New York,2.9,6.1,9.9,10.8,5.9,30.3,"7,084","68,929"
41031,Jefferson County,Oregon,9.3,9.3,17.9,10.9,7.7,19.3,"8,138","67,220"
41053,Polk County,Oregon,6.5,5.3,12.6,10.9,5.8,17.5,"8,078","78,277"
32005,Douglas County,Nevada,13.3,7.8,8.7,10.9,8.3,27.4,"8,087","89,303"
41039,Lane County,Oregon,4.4,7.0,17.6,10.9,6.9,18.8,"7,603","70,956"
31051,Dixon County,Nebraska,5.4,5.9,9.5,10.9,4.9,20.0,"9,171","68,200"
27095,Mille Lacs County,Minnesota,2.0,5.9,12.4,10.9,6.9,18.1,"8,551","68,166"
41005,Clackamas County,Oregon,4.8,5.3,8.0,10.9,6.1,17.6,"7,998","106,216"
41007,Clatsop County,Oregon,6.5,8.1,10.0,10.9,6.4,21.4,"7,627","69,890"
50009,Essex County,Vermont,8.7,3.9,13.4,10.9,4.8,25.3,"7,817","55,737"
53045,Mason County,Washington,4.5,6.9,14.0,10.9,5.7,22.5,"7,650","72,026"
27109,Olmsted County,Minnesota,1.7,3.9,8.4,11.0,5.8,15.1,"8,106","101,733"
32021,Mineral County,Nevada,28.1,9.8,19.8,11.0,8.5,30.5,"8,972","47,501"
6081,San Mateo County,California,4.7,4.2,6.7,11.0,6.7,15.8,"7,917","174,055"
45013,Beaufort County,South Carolina,14.9,10.7,10.2,11.0,8.3,26.4,"8,821","95,726"
20127,Morris County,Kansas,17.9,8.2,9.0,11.0,6.1,24.3,"10,860","71,313"
19103,Johnson County,Iowa,8.2,5.6,18.1,11.0,6.7,11.3,"7,829","86,798"
31081,Hamilton County,Nebraska,3.9,5.8,5.2,11.0,5.1,19.5,"9,079","78,414"
27159,Wadena County,Minnesota,1.9,6.8,14.3,11.0,6.6,21.0,"8,288","58,527"
16077,Power County,Idaho,14.9,14.3,11.4,11.0,7.1,15.7,"9,287","63,375"
46097,Miner County,South Dakota,0.0,5.8,6.8,11.0,7.2,19.8,"8,419","64,813"
38065,Oliver County,North Dakota,,7.1,8.0,11.0,,23.5,"7,615","88,881"
16055,Kootenai County,Idaho,6.9,9.7,11.7,11.1,5.6,18.5,"8,370","74,130"
41065,Wasco County,Oregon,5.6,7.8,11.6,11.1,6.1,20.2,"7,869","68,193"
30041,Hill County,Montana,13.0,6.6,18.6,11.1,7.9,14.5,"7,139","59,986"
41061,Union County,Oregon,9.9,6.9,13.9,11.1,7.3,20.1,"8,315","67,736"
2170,Matanuska-Susitna Borough,Alaska,14.3,14.8,10.3,11.1,5.6,11.3,"7,232","92,246"
49007,Carbon County,Utah,17.0,9.5,16.8,11.1,10.5,16.8,"8,366","60,657"
8014,Broomfield County,Colorado,7.7,4.3,5.6,11.1,8.2,13.3,"9,087","124,778"
35001,Bernalillo County,New Mexico,17.9,8.2,16.7,11.1,9.4,15.8,"7,927","74,035"
31159,Seward County,Nebraska,5.2,5.1,6.5,11.1,6.3,17.0,"10,716","83,079"
8039,Elbert County,Colorado,8.4,5.3,4.8,11.1,8.6,15.5,"9,183","121,995"
31183,Wheeler County,Nebraska,,11.4,13.2,11.1,,23.9,"6,956","62,582"
35021,Harding County,New Mexico,,7.8,14.3,11.1,,39.0,"8,993","69,065"
27033,Cottonwood County,Minnesota,4.3,5.3,11.0,11.1,7.0,22.7,"8,297","63,918"
19123,Mahaska County,Iowa,14.5,4.4,13.7,11.1,6.6,18.1,"8,360","68,931"
6057,Nevada County,California,7.4,6.5,11.0,11.1,5.9,26.5,"7,143","91,634"
8061,Kiowa County,Colorado,15.4,6.3,12.1,11.2,10.1,24.7,"12,120","59,705"
33001,Belknap County,New Hampshire,4.8,6.6,8.6,11.2,7.4,21.4,"8,418","89,116"
27019,Carver County,Minnesota,2.0,3.0,4.1,11.2,5.7,11.4,"8,784","129,533"
51157,Rappahannock County,Virginia,15.2,13.4,8.8,11.2,7.2,25.8,"7,396","101,971"
33003,Carroll County,New Hampshire,9.6,9.0,9.0,11.2,6.2,27.0,"8,024","82,289"
41067,Washington County,Oregon,4.5,5.9,8.9,11.2,6.4,13.0,"8,356","104,153"
49053,Washington County,Utah,13.0,13.3,11.8,11.2,6.8,20.9,"8,695","80,759"
25007,Dukes County,Massachusetts,2.8,5.3,7.6,11.2,4.9,23.3,"8,896","107,446"
6079,San Luis Obispo County,California,5.9,6.0,12.5,11.2,6.0,19.4,"7,716","96,196"
35019,Guadalupe County,New Mexico,20.7,5.1,15.4,11.2,7.6,21.8,"6,486","39,340"
48319,Mason County,Texas,14.0,19.0,10.7,11.2,5.1,24.4,"8,804","69,255"
48295,Lipscomb County,Texas,21.2,19.9,12.9,11.2,5.3,17.1,"7,526","76,016"
30005,Blaine County,Montana,12.8,15.1,30.5,11.2,8.2,15.1,"8,120","51,976"
38033,Golden Valley County,North Dakota,8.8,9.1,7.5,11.2,,20.7,"7,089","71,808"
55077,Marquette County,Wisconsin,7.8,6.2,10.7,11.2,6.3,24.1,"7,114","63,631"
30085,Roosevelt County,Montana,26.5,27.7,28.3,11.2,8.1,11.1,"12,179","57,792"
4017,Navajo County,Arizona,19.1,13.2,27.9,11.2,8.8,17.4,"8,950","54,678"
31157,Scotts Bluff County,Nebraska,16.1,9.3,13.6,11.2,8.4,18.7,"8,885","66,631"
27025,Chisago County,Minnesota,2.3,3.6,6.0,11.2,6.9,14.9,"8,826","94,060"
27093,Meeker County,Minnesota,2.4,4.6,6.7,11.3,5.5,19.4,"8,574","79,925"
27041,Douglas County,Minnesota,1.3,3.0,7.6,11.3,6.4,22.4,"8,954","83,938"
37149,Polk County,North Carolina,20.6,10.1,9.8,11.3,7.0,30.2,"8,576","68,076"
6109,Tuolumne County,California,12.7,5.5,12.8,11.3,6.4,25.6,"7,674","83,571"
56021,Laramie County,Wyoming,18.1,7.9,9.9,11.3,9.8,15.5,"8,610","85,483"
49021,Iron County,Utah,15.0,11.2,17.0,11.3,8.0,12.5,"7,755","67,339"
8095,Phillips County,Colorado,11.1,14.3,6.1,11.3,6.8,17.3,"13,021","65,218"
38097,Traill County,North Dakota,2.0,5.4,6.4,11.3,5.0,19.4,"8,713","78,234"
46069,Hyde County,South Dakota,,4.4,10.5,11.3,,26.2,"8,767","73,326"
27107,Norman County,Minnesota,2.5,6.0,8.8,11.4,8.1,21.4,"8,543","70,747"
27127,Redwood County,Minnesota,2.3,6.6,10.1,11.4,7.4,21.1,"10,173","68,621"
36031,Essex County,New York,6.3,3.6,9.9,11.4,7.6,22.8,"8,539","73,826"
6091,Sierra County,California,15.3,8.8,9.7,11.4,8.5,29.3,"6,000","74,547"
27133,Rock County,Minnesota,2.5,4.2,9.0,11.4,6.4,19.8,"8,738","76,060"
49005,Cache County,Utah,11.4,6.6,15.4,11.4,6.5,9.1,"9,639","74,991"
37055,Dare County,North Carolina,20.4,13.2,9.0,11.4,6.1,20.7,"7,475","80,094"
41051,Multnomah County,Oregon,5.3,6.7,13.8,11.4,6.6,13.0,"8,255","93,639"
19077,Guthrie County,Iowa,9.0,3.6,8.7,11.4,6.8,22.1,"8,153","73,346"
50023,Washington County,Vermont,2.6,3.1,10.6,11.4,7.2,19.0,"7,226","80,700"
35061,Valencia County,New Mexico,19.1,8.2,16.9,11.5,9.4,17.2,"7,796","62,351"
55111,Sauk County,Wisconsin,13.3,6.1,9.9,11.5,6.2,18.0,"7,297","74,615"
50003,Bennington County,Vermont,6.7,4.3,10.9,11.5,8.4,22.5,"8,576","80,354"
27049,Goodhue County,Minnesota,1.6,5.0,9.3,11.5,6.1,19.0,"8,213","82,660"
38053,McKenzie County,North Dakota,7.3,15.3,11.3,11.5,7.0,8.7,"8,322","105,700"
46061,Hanson County,South Dakota,2.5,6.7,7.7,11.5,4.7,14.9,"7,369","73,755"
38067,Pembina County,North Dakota,7.2,7.2,7.4,11.5,6.1,22.5,"9,497","81,041"
55109,St. Croix County,Wisconsin,7.0,3.8,5.2,11.5,5.5,13.6,"9,004","100,844"
53007,Chelan County,Washington,1.6,9.5,11.7,11.5,6.1,18.6,"8,401","79,143"
35031,McKinley County,New Mexico,12.3,19.9,34.8,11.5,8.3,11.9,"8,967","50,778"
2188,Northwest Arctic Borough,Alaska,6.8,25.7,26.1,11.5,7.1,7.5,"8,493","79,967"
55095,Polk County,Wisconsin,9.0,5.7,9.2,11.6,6.3,20.1,"8,912","72,256"
53033,King County,Washington,4.7,5.3,8.9,11.6,6.6,13.0,"8,513","128,360"
41029,Jackson County,Oregon,3.2,7.3,15.5,11.6,6.7,21.5,"7,878","72,849"
27121,Pope County,Minnesota,2.1,3.6,7.2,11.6,7.3,23.7,"9,702","76,120"
19009,Audubon County,Iowa,7.2,5.2,11.7,11.6,5.2,24.3,"9,282","64,386"
19043,Clayton County,Iowa,8.1,5.9,11.5,11.6,5.0,23.0,"8,461","65,784"
46091,Marshall County,South Dakota,7.1,8.0,8.5,11.6,4.7,20.8,"7,946","76,214"
27065,Kanabec County,Minnesota,4.0,5.6,10.0,11.6,6.4,20.2,"9,024","69,563"
35051,Sierra County,New Mexico,23.6,5.3,26.7,11.6,8.1,35.5,"8,790","49,509"
55129,Washburn County,Wisconsin,10.6,5.3,13.5,11.6,5.8,25.7,"9,079","64,961"
20097,Kiowa County,Kansas,8.0,10.3,6.7,11.6,,21.3,"10,043","65,246"
46103,Pennington County,South Dakota,3.9,10.8,13.8,11.6,7.0,17.4,"8,267","76,958"
53075,Whitman County,Washington,3.4,4.0,26.5,11.6,5.2,10.2,"8,246","60,706"
55113,Sawyer County,Wisconsin,15.5,6.9,16.2,11.6,5.9,25.3,"8,588","69,754"
55137,Waushara County,Wisconsin,12.0,7.4,11.2,11.6,6.8,23.8,"8,149","68,310"
27083,Lyon County,Minnesota,2.3,6.0,14.1,11.6,5.4,15.5,"9,551","75,049"
32033,White Pine County,Nevada,19.9,7.7,13.6,11.6,8.7,16.5,"9,036","69,285"
35006,Cibola County,New Mexico,26.5,9.1,26.1,11.7,9.7,15.6,"9,225","52,278"
35029,Luna County,New Mexico,23.5,8.6,27.7,11.7,7.8,20.5,"8,032","43,116"
6035,Lassen County,California,20.4,4.4,13.5,11.7,8.1,14.2,"7,280","71,713"
19107,Keokuk County,Iowa,16.1,2.8,9.9,11.7,6.7,21.5,"7,817","70,155"
53035,Kitsap County,Washington,4.4,4.7,8.7,11.7,6.3,17.4,"7,522","93,122"
19119,Lyon County,Iowa,2.0,4.5,4.6,11.7,5.8,17.9,"9,509","75,849"
35047,San Miguel County,New Mexico,19.1,5.7,28.2,11.7,11.0,20.6,"6,848","46,665"
6103,Tehama County,California,14.9,6.3,22.1,11.7,6.0,19.3,"7,760","61,939"
31177,Washington County,Nebraska,4.0,5.3,7.9,11.7,7.0,17.8,"8,691","86,984"
27151,Swift County,Minnesota,2.4,4.2,12.5,11.7,5.9,21.8,"9,699","69,054"
38105,Williams County,North Dakota,9.3,13.8,6.1,11.8,5.4,9.1,"7,779","112,921"
49015,Emery County,Utah,9.4,7.7,11.6,11.8,6.7,16.4,"9,134","63,786"
6027,Inyo County,California,9.3,5.8,9.3,11.8,7.7,22.8,"8,635","71,376"
55121,Trempealeau County,Wisconsin,8.8,7.3,7.8,11.8,6.7,17.7,"7,988","70,909"
53073,Whatcom County,Washington,4.1,6.2,14.1,11.8,5.8,16.9,"7,548","80,590"
30109,Wibaux County,Montana,,12.8,12.1,11.8,,22.3,"7,176","61,871"
53041,Lewis County,Washington,6.9,7.3,13.1,11.8,6.6,20.7,"7,893","67,876"
49003,Box Elder County,Utah,11.4,7.6,7.9,11.8,7.2,12.7,"8,927","75,069"
33005,Cheshire County,New Hampshire,7.5,6.3,9.0,11.8,5.9,19.4,"8,300","82,516"
56005,Campbell County,Wyoming,19.0,10.1,12.2,11.8,9.9,9.2,"7,838","91,699"
35045,San Juan County,New Mexico,8.6,13.5,21.0,11.8,7.8,14.3,"8,744","64,814"
55003,Ashland County,Wisconsin,14.6,5.6,17.4,11.8,5.5,18.9,"8,848","56,108"
48031,Blanco County,Texas,13.2,16.6,9.0,11.8,6.0,25.0,"8,623","92,547"
37135,Orange County,North Carolina,11.6,7.0,13.7,11.8,7.5,13.4,"7,915","111,542"
6023,Humboldt County,California,10.9,8.2,20.1,11.8,5.9,17.3,"7,132","68,313"
6009,Calaveras County,California,10.2,4.4,11.4,11.8,6.0,27.5,"7,785","84,039"
38037,Grant County,North Dakota,1.9,5.2,12.9,11.8,6.2,29.1,"9,947","77,732"
8035,Douglas County,Colorado,7.3,2.8,3.1,11.8,8.4,11.4,"9,808","147,010"
41047,Marion County,Oregon,6.2,8.0,14.2,11.8,6.3,15.3,"8,422","75,666"
53001,Adams County,Washington,2.7,16.5,25.6,11.9,6.9,10.9,"9,432","65,032"
38093,Stutsman County,North Dakota,3.7,7.8,12.1,11.9,7.0,18.9,"7,691","73,895"
19135,Monroe County,Iowa,20.9,4.0,10.5,11.9,6.3,19.6,"8,945","68,736"
20089,Jewell County,Kansas,8.4,8.1,17.7,11.9,5.9,29.6,"10,280","58,991"
6017,El Dorado County,California,8.4,4.6,8.4,11.9,6.6,20.5,"7,783","110,041"
31105,Kimball County,Nebraska,17.1,13.6,10.8,11.9,9.8,24.6,"10,551","62,866"
46085,Lyman County,South Dakota,1.8,16.0,20.5,11.9,8.0,15.6,"8,416","62,520"
55053,Jackson County,Wisconsin,17.0,8.7,11.6,11.9,5.4,18.5,"8,497","64,899"
27173,Yellow Medicine County,Minnesota,2.3,4.2,11.8,11.9,5.7,20.2,"10,153","71,153"
38057,Mercer County,North Dakota,6.0,15.0,7.2,11.9,6.3,18.3,"9,626","91,827"
32011,Eureka County,Nevada,21.4,9.9,8.0,11.9,8.7,18.0,"7,820","82,869"
55037,Florence County,Wisconsin,14.9,5.5,10.3,11.9,10.6,25.6,"7,235","70,861"
49011,Davis County,Utah,10.5,6.5,5.4,11.9,6.7,9.8,"9,300","99,935"
31027,Cedar County,Nebraska,3.9,5.5,7.2,11.9,3.9,21.3,"9,341","73,576"
46101,Moody County,South Dakota,2.1,9.4,11.4,11.9,5.6,19.0,"10,214","80,039"
30035,Glacier County,Montana,21.1,37.7,31.0,12.0,9.2,11.8,"8,646","49,602"
30023,Deer Lodge County,Montana,12.0,7.5,20.2,12.0,9.3,22.8,"9,034","54,982"
8059,Jefferson County,Colorado,10.4,5.5,7.1,12.0,8.6,16.0,"9,226","107,456"
20041,Dickinson County,Kansas,18.4,7.7,11.9,12.0,8.2,19.5,"10,415","63,692"
16079,Shoshone County,Idaho,7.8,14.9,19.4,12.0,7.4,22.3,"7,992","53,892"
38045,LaMoure County,North Dakota,6.1,3.9,14.7,12.0,4.7,25.6,"9,094","84,603"
27017,Carlton County,Minnesota,1.8,4.1,11.3,12.0,6.2,17.0,"9,928","76,930"
4011,Greenlee County,Arizona,33.1,4.6,13.3,12.0,7.3,12.4,"7,895","74,470"
5019,Clark County,Arkansas,16.9,8.5,20.3,12.0,9.2,16.2,"9,461","54,473"
45053,Jasper County,South Carolina,29.3,15.6,17.7,12.0,10.5,18.2,"9,364","63,279"
17175,Stark County,Illinois,8.2,5.4,15.5,12.0,7.1,21.9,"8,105","70,263"
46119,Sully County,South Dakota,,5.1,7.9,12.0,,24.5,"8,570","91,160"
19021,Buena Vista County,Iowa,15.0,8.9,12.9,12.1,7.0,15.1,"7,840","71,786"
19089,Howard County,Iowa,6.1,6.0,9.0,12.1,6.7,20.2,"9,437","69,198"
4025,Yavapai County,Arizona,13.7,9.8,13.0,12.1,7.1,30.6,"7,725","68,419"
6005,Amador County,California,10.1,4.7,9.9,12.1,6.5,26.7,"7,764","81,659"
55029,Door County,Wisconsin,8.4,3.8,7.6,12.1,6.7,29.0,"8,226","82,134"
20119,Meade County,Kansas,15.8,12.4,6.5,12.1,7.8,17.3,"10,592","71,534"
16053,Jerome County,Idaho,13.7,18.6,19.0,12.1,7.8,12.6,"9,213","62,875"
26103,Marquette County,Michigan,13.0,4.1,15.6,12.1,7.1,18.4,"7,521","67,489"
36109,Tompkins County,New York,9.8,3.4,18.9,12.1,6.5,13.9,"8,173","83,950"
33013,Merrimack County,New Hampshire,6.9,5.7,6.5,12.1,6.6,17.6,"8,606","94,698"
